INSERT INTO Warehouse (name, city, address, PIC, status, reviewer_status) VALUES ('East Depot', 'Bandung', 'Jl. Ahmad Yani No. 78', 'Siti Marlina', 'Under Maintenance', True);
INSERT INTO Warehouse (name, city, address, PIC, status, reviewer_status) VALUES ('Main Distribution Center', 'Medan', 'Jl. Sudirman No. 25', 'Rina Wijaya', 'Inactive', False);
INSERT INTO Warehouse (name, city, address, PIC, status, reviewer_status) VALUES ('Main Distribution Center', 'Bandung', 'Jl. Ahmad Yani No. 78', 'Rina Wijaya', 'Under Maintenance', False);
INSERT INTO Warehouse (name, city, address, PIC, status, reviewer_status) VALUES ('West Storage', 'Semarang', 'Jl. Merdeka Raya No. 32', 'Rina Wijaya', 'Active', True);
INSERT INTO Warehouse (name, city, address, PIC, status, reviewer_status) VALUES ('East Depot', 'Surabaya', 'Jl. Ahmad Yani No. 78', 'Andi Prasetyo', 'Under Maintenance', True);
INSERT INTO Warehouse (name, city, address, PIC, status, reviewer_status) VALUES ('Main Distribution Center', 'Bandung', 'Jl. Sudirman No. 25', 'Siti Marlina', 'Under Maintenance', False);
INSERT INTO Warehouse (name, city, address, PIC, status, reviewer_status) VALUES ('East Depot', 'Palembang', 'Jl. Ahmad Yani No. 78', 'Budi Santoso', 'Active', False);
INSERT INTO Warehouse (name, city, address, PIC, status, reviewer_status) VALUES ('East Depot', 'Surabaya', 'Jl. Gajah Mada No. 14', 'Joko Susanto', 'Under Maintenance', False);
INSERT INTO Warehouse (name, city, address, PIC, status, reviewer_status) VALUES ('Logistics HQ', 'Medan', 'Jl. Ahmad Yani No. 78', 'Joko Susanto', 'Inactive', False);
INSERT INTO Warehouse (name, city, address, PIC, status, reviewer_status) VALUES ('Central Hub', 'Surabaya', 'Jl. Sudirman No. 25', 'Siti Marlina', 'Under Maintenance', True);
INSERT INTO Vendor (name, nation, address, PIC, created_date, status) VALUES ('IoT Devices Japan', 'Singapore', 'Jl. Sudirman No. 25', 'Budi Santoso', '2024-03-01', 'Under Maintenance');
INSERT INTO Vendor (name, nation, address, PIC, created_date, status) VALUES ('Tech Solutions Ltd.', 'Singapore', 'Jl. Ahmad Yani No. 78', 'Rina Wijaya', '2024-03-01', 'Under Maintenance');
INSERT INTO Vendor (name, nation, address, PIC, created_date, status) VALUES ('LogiTrack Inc.', 'Japan', 'Jl. Sudirman No. 25', 'Andi Prasetyo', '2024-03-01', 'Active');
INSERT INTO Vendor (name, nation, address, PIC, created_date, status) VALUES ('AI Vision Co.', 'Germany', 'Jl. Gajah Mada No. 14', 'Andi Prasetyo', '2024-03-01', 'Active');
INSERT INTO Vendor (name, nation, address, PIC, created_date, status) VALUES ('Smart Sensors GmbH', 'Singapore', 'Jl. Ahmad Yani No. 78', 'Andi Prasetyo', '2024-03-01', 'Inactive');
INSERT INTO Vendor (name, nation, address, PIC, created_date, status) VALUES ('Smart Sensors GmbH', 'South Korea', 'Jl. Ahmad Yani No. 78', 'Budi Santoso', '2024-03-01', 'Active');
INSERT INTO Vendor (name, nation, address, PIC, created_date, status) VALUES ('AI Vision Co.', 'Taiwan', 'Jl. Gajah Mada No. 14', 'Siti Marlina', '2024-03-01', 'Inactive');
INSERT INTO Vendor (name, nation, address, PIC, created_date, status) VALUES ('Smart Sensors GmbH', 'Japan', 'Jl. Sudirman No. 25', 'Siti Marlina', '2024-03-01', 'Under Maintenance');
INSERT INTO Vendor (name, nation, address, PIC, created_date, status) VALUES ('LogiTrack Inc.', 'Japan', 'Jl. Merdeka Raya No. 32', 'Andi Prasetyo', '2024-03-01', 'Inactive');
INSERT INTO Vendor (name, nation, address, PIC, created_date, status) VALUES ('AI Vision Co.', 'South Korea', 'Jl. Gajah Mada No. 14', 'Rina Wijaya', '2024-03-01', 'Active');
INSERT INTO Vendor (name, nation, address, PIC, created_date, status) VALUES ('AI Vision Co.', 'Singapore', 'Jl. Sudirman No. 25', 'Andi Prasetyo', '2024-03-01', 'Active');
INSERT INTO Vendor (name, nation, address, PIC, created_date, status) VALUES ('Smart Sensors GmbH', 'Japan', 'Jl. Merdeka Raya No. 32', 'Andi Prasetyo', '2024-03-01', 'Inactive');
INSERT INTO Vendor (name, nation, address, PIC, created_date, status) VALUES ('LogiTrack Inc.', 'Japan', 'Jl. Ahmad Yani No. 78', 'Andi Prasetyo', '2024-03-01', 'Active');
INSERT INTO Vendor (name, nation, address, PIC, created_date, status) VALUES ('Smart Sensors GmbH', 'Singapore', 'Jl. Gajah Mada No. 14', 'Siti Marlina', '2024-03-01', 'Under Maintenance');
INSERT INTO Vendor (name, nation, address, PIC, created_date, status) VALUES ('AI Vision Co.', 'Japan', 'Jl. Gajah Mada No. 14', 'Joko Susanto', '2024-03-01', 'Inactive');
INSERT INTO Vendor (name, nation, address, PIC, created_date, status) VALUES ('IoT Devices Japan', 'USA', 'Jl. Sudirman No. 25', 'Rina Wijaya', '2024-03-01', 'Under Maintenance');
INSERT INTO Vendor (name, nation, address, PIC, created_date, status) VALUES ('AI Vision Co.', 'China', 'Jl. Sudirman No. 25', 'Joko Susanto', '2024-03-01', 'Inactive');
INSERT INTO Vendor (name, nation, address, PIC, created_date, status) VALUES ('AI Vision Co.', 'South Korea', 'Jl. Ahmad Yani No. 78', 'Andi Prasetyo', '2024-03-01', 'Active');
INSERT INTO Vendor (name, nation, address, PIC, created_date, status) VALUES ('Smart Sensors GmbH', 'Taiwan', 'Jl. Sudirman No. 25', 'Rina Wijaya', '2024-03-01', 'Inactive');
INSERT INTO Vendor (name, nation, address, PIC, created_date, status) VALUES ('Tech Solutions Ltd.', 'Taiwan', 'Jl. Ahmad Yani No. 78', 'Rina Wijaya', '2024-03-01', 'Under Maintenance');
INSERT INTO Unit (code, name, information) VALUES ('PCS', 'Pieces', 'None');
INSERT INTO Unit (code, name, information) VALUES ('SET', 'Set', 'None');
INSERT INTO Unit (code, name, information) VALUES ('UNIT', 'Unit', 'None');
INSERT INTO ItemCategory (code, name, type) VALUES ('1', 'GPS Tracker', 'IoT');
INSERT INTO ItemCategory (code, name, type) VALUES ('2', 'AI Camera', 'AI');
INSERT INTO ItemCategory (code, name, type) VALUES ('3', 'Temperature Sensor', 'IoT');
INSERT INTO ItemCategory (code, name, type) VALUES ('4', 'RFID Tag', 'IoT');
INSERT INTO Item (code, name, category_id, unit_id, price, minimum_stock, reorder_point, unique_code, status) VALUES ('ITEM0000', 'Temperature Sensor Model 156', 1, 2, 2054483.05, 39, 61, 'UNIQUE4345', 'Available');
INSERT INTO Item (code, name, category_id, unit_id, price, minimum_stock, reorder_point, unique_code, status) VALUES ('ITEM0001', 'Temperature Sensor Model 909', 4, 2, 2413877.82, 18, 55, 'UNIQUE2439', 'Available');
INSERT INTO Item (code, name, category_id, unit_id, price, minimum_stock, reorder_point, unique_code, status) VALUES ('ITEM0002', 'Temperature Sensor Model 941', 4, 2, 2671021.28, 22, 98, 'UNIQUE2996', 'Available');
INSERT INTO Item (code, name, category_id, unit_id, price, minimum_stock, reorder_point, unique_code, status) VALUES ('ITEM0003', 'Temperature Sensor Model 242', 3, 2, 3137846.85, 7, 78, 'UNIQUE9800', 'Available');
INSERT INTO Item (code, name, category_id, unit_id, price, minimum_stock, reorder_point, unique_code, status) VALUES ('ITEM0004', 'Temperature Sensor Model 962', 1, 3, 922218.53, 14, 14, 'UNIQUE9591', 'Available');
INSERT INTO Item (code, name, category_id, unit_id, price, minimum_stock, reorder_point, unique_code, status) VALUES ('ITEM0005', 'RFID Tag Model 885', 3, 2, 2168499.74, 28, 55, 'UNIQUE6394', 'Available');
INSERT INTO Item (code, name, category_id, unit_id, price, minimum_stock, reorder_point, unique_code, status) VALUES ('ITEM0006', 'GPS Tracker Model 852', 3, 2, 1894259.51, 27, 18, 'UNIQUE9361', 'Available');
INSERT INTO Item (code, name, category_id, unit_id, price, minimum_stock, reorder_point, unique_code, status) VALUES ('ITEM0007', 'AI Camera Model 535', 1, 2, 784250.84, 2, 20, 'UNIQUE8876', 'Available');
INSERT INTO Item (code, name, category_id, unit_id, price, minimum_stock, reorder_point, unique_code, status) VALUES ('ITEM0008', 'GPS Tracker Model 496', 1, 3, 441085.75, 18, 23, 'UNIQUE1197', 'Available');
INSERT INTO Item (code, name, category_id, unit_id, price, minimum_stock, reorder_point, unique_code, status) VALUES ('ITEM0009', 'AI Camera Model 444', 1, 2, 3502882.64, 3, 66, 'UNIQUE7404', 'Available');
INSERT INTO Item (code, name, category_id, unit_id, price, minimum_stock, reorder_point, unique_code, status) VALUES ('ITEM0010', 'GPS Tracker Model 896', 2, 3, 4609042.0, 50, 78, 'UNIQUE9388', 'Available');
INSERT INTO Item (code, name, category_id, unit_id, price, minimum_stock, reorder_point, unique_code, status) VALUES ('ITEM0011', 'GPS Tracker Model 857', 3, 2, 3568337.74, 9, 62, 'UNIQUE4687', 'Available');
INSERT INTO Item (code, name, category_id, unit_id, price, minimum_stock, reorder_point, unique_code, status) VALUES ('ITEM0012', 'Temperature Sensor Model 639', 4, 3, 1674247.76, 11, 61, 'UNIQUE6451', 'Available');
INSERT INTO Item (code, name, category_id, unit_id, price, minimum_stock, reorder_point, unique_code, status) VALUES ('ITEM0013', 'Temperature Sensor Model 759', 2, 3, 2267245.16, 22, 70, 'UNIQUE3876', 'Available');
INSERT INTO Item (code, name, category_id, unit_id, price, minimum_stock, reorder_point, unique_code, status) VALUES ('ITEM0014', 'GPS Tracker Model 839', 2, 1, 4646042.61, 20, 81, 'UNIQUE1264', 'Available');
INSERT INTO Item (code, name, category_id, unit_id, price, minimum_stock, reorder_point, unique_code, status) VALUES ('ITEM0015', 'GPS Tracker Model 962', 3, 2, 1934341.47, 2, 52, 'UNIQUE8763', 'Available');
INSERT INTO Item (code, name, category_id, unit_id, price, minimum_stock, reorder_point, unique_code, status) VALUES ('ITEM0016', 'Temperature Sensor Model 817', 3, 1, 2351226.39, 41, 42, 'UNIQUE6012', 'Available');
INSERT INTO Item (code, name, category_id, unit_id, price, minimum_stock, reorder_point, unique_code, status) VALUES ('ITEM0017', 'RFID Tag Model 464', 4, 2, 2437676.2, 7, 21, 'UNIQUE6673', 'Available');
INSERT INTO Item (code, name, category_id, unit_id, price, minimum_stock, reorder_point, unique_code, status) VALUES ('ITEM0018', 'RFID Tag Model 828', 2, 1, 1628946.79, 1, 78, 'UNIQUE1322', 'Available');
INSERT INTO Item (code, name, category_id, unit_id, price, minimum_stock, reorder_point, unique_code, status) VALUES ('ITEM0019', 'AI Camera Model 161', 1, 2, 3617676.68, 7, 29, 'UNIQUE5122', 'Available');
INSERT INTO Item (code, name, category_id, unit_id, price, minimum_stock, reorder_point, unique_code, status) VALUES ('ITEM0020', 'GPS Tracker Model 687', 4, 3, 4341371.96, 36, 30, 'UNIQUE4555', 'Available');
INSERT INTO Item (code, name, category_id, unit_id, price, minimum_stock, reorder_point, unique_code, status) VALUES ('ITEM0021', 'GPS Tracker Model 628', 1, 1, 4704374.66, 17, 59, 'UNIQUE1062', 'Available');
INSERT INTO Item (code, name, category_id, unit_id, price, minimum_stock, reorder_point, unique_code, status) VALUES ('ITEM0022', 'AI Camera Model 630', 3, 3, 815086.37, 33, 33, 'UNIQUE9621', 'Available');
INSERT INTO Item (code, name, category_id, unit_id, price, minimum_stock, reorder_point, unique_code, status) VALUES ('ITEM0023', 'AI Camera Model 333', 4, 1, 735841.78, 16, 73, 'UNIQUE4573', 'Available');
INSERT INTO Item (code, name, category_id, unit_id, price, minimum_stock, reorder_point, unique_code, status) VALUES ('ITEM0024', 'RFID Tag Model 617', 3, 2, 912798.7, 7, 98, 'UNIQUE2616', 'Available');
INSERT INTO Item (code, name, category_id, unit_id, price, minimum_stock, reorder_point, unique_code, status) VALUES ('ITEM0025', 'Temperature Sensor Model 196', 1, 3, 3414143.52, 41, 85, 'UNIQUE7947', 'Available');
INSERT INTO Item (code, name, category_id, unit_id, price, minimum_stock, reorder_point, unique_code, status) VALUES ('ITEM0026', 'AI Camera Model 492', 4, 1, 1663180.63, 9, 57, 'UNIQUE1001', 'Available');
INSERT INTO Item (code, name, category_id, unit_id, price, minimum_stock, reorder_point, unique_code, status) VALUES ('ITEM0027', 'AI Camera Model 300', 1, 1, 4621030.37, 22, 55, 'UNIQUE3255', 'Available');
INSERT INTO Item (code, name, category_id, unit_id, price, minimum_stock, reorder_point, unique_code, status) VALUES ('ITEM0028', 'GPS Tracker Model 439', 1, 1, 3096139.84, 46, 88, 'UNIQUE1550', 'Available');
INSERT INTO Item (code, name, category_id, unit_id, price, minimum_stock, reorder_point, unique_code, status) VALUES ('ITEM0029', 'RFID Tag Model 672', 4, 3, 482914.5, 42, 18, 'UNIQUE7901', 'Available');
INSERT INTO Item (code, name, category_id, unit_id, price, minimum_stock, reorder_point, unique_code, status) VALUES ('ITEM0030', 'Temperature Sensor Model 218', 4, 3, 3531141.51, 31, 60, 'UNIQUE6920', 'Available');
INSERT INTO Item (code, name, category_id, unit_id, price, minimum_stock, reorder_point, unique_code, status) VALUES ('ITEM0031', 'RFID Tag Model 477', 2, 2, 4270674.4, 27, 96, 'UNIQUE6064', 'Available');
INSERT INTO Item (code, name, category_id, unit_id, price, minimum_stock, reorder_point, unique_code, status) VALUES ('ITEM0032', 'RFID Tag Model 795', 1, 1, 3238412.55, 43, 18, 'UNIQUE4874', 'Available');
INSERT INTO Item (code, name, category_id, unit_id, price, minimum_stock, reorder_point, unique_code, status) VALUES ('ITEM0033', 'GPS Tracker Model 479', 3, 2, 1700551.35, 13, 33, 'UNIQUE6355', 'Available');
INSERT INTO Item (code, name, category_id, unit_id, price, minimum_stock, reorder_point, unique_code, status) VALUES ('ITEM0034', 'GPS Tracker Model 240', 1, 1, 1416281.32, 23, 31, 'UNIQUE4383', 'Available');
INSERT INTO Item (code, name, category_id, unit_id, price, minimum_stock, reorder_point, unique_code, status) VALUES ('ITEM0035', 'AI Camera Model 752', 3, 3, 1117523.33, 47, 50, 'UNIQUE9093', 'Available');
INSERT INTO Item (code, name, category_id, unit_id, price, minimum_stock, reorder_point, unique_code, status) VALUES ('ITEM0036', 'AI Camera Model 554', 2, 2, 2109772.26, 46, 92, 'UNIQUE8352', 'Available');
INSERT INTO Item (code, name, category_id, unit_id, price, minimum_stock, reorder_point, unique_code, status) VALUES ('ITEM0037', 'RFID Tag Model 869', 3, 3, 380029.85, 32, 94, 'UNIQUE3473', 'Available');
INSERT INTO Item (code, name, category_id, unit_id, price, minimum_stock, reorder_point, unique_code, status) VALUES ('ITEM0038', 'RFID Tag Model 516', 2, 1, 3110419.41, 11, 57, 'UNIQUE3061', 'Available');
INSERT INTO Item (code, name, category_id, unit_id, price, minimum_stock, reorder_point, unique_code, status) VALUES ('ITEM0039', 'RFID Tag Model 503', 3, 1, 642870.58, 32, 15, 'UNIQUE4337', 'Available');
INSERT INTO Item (code, name, category_id, unit_id, price, minimum_stock, reorder_point, unique_code, status) VALUES ('ITEM0040', 'RFID Tag Model 606', 3, 3, 4600575.77, 30, 85, 'UNIQUE6636', 'Available');
INSERT INTO Item (code, name, category_id, unit_id, price, minimum_stock, reorder_point, unique_code, status) VALUES ('ITEM0041', 'AI Camera Model 610', 1, 3, 4984218.32, 2, 15, 'UNIQUE2123', 'Available');
INSERT INTO Item (code, name, category_id, unit_id, price, minimum_stock, reorder_point, unique_code, status) VALUES ('ITEM0042', 'GPS Tracker Model 268', 2, 3, 672752.29, 21, 45, 'UNIQUE3312', 'Available');
INSERT INTO Item (code, name, category_id, unit_id, price, minimum_stock, reorder_point, unique_code, status) VALUES ('ITEM0043', 'AI Camera Model 294', 3, 2, 879355.81, 1, 60, 'UNIQUE9521', 'Available');
INSERT INTO Item (code, name, category_id, unit_id, price, minimum_stock, reorder_point, unique_code, status) VALUES ('ITEM0044', 'GPS Tracker Model 962', 2, 1, 1003241.4, 19, 50, 'UNIQUE3126', 'Available');
INSERT INTO Item (code, name, category_id, unit_id, price, minimum_stock, reorder_point, unique_code, status) VALUES ('ITEM0045', 'GPS Tracker Model 437', 4, 2, 1868833.22, 45, 34, 'UNIQUE9204', 'Available');
INSERT INTO Item (code, name, category_id, unit_id, price, minimum_stock, reorder_point, unique_code, status) VALUES ('ITEM0046', 'AI Camera Model 977', 3, 1, 639413.59, 44, 51, 'UNIQUE2243', 'Available');
INSERT INTO Item (code, name, category_id, unit_id, price, minimum_stock, reorder_point, unique_code, status) VALUES ('ITEM0047', 'RFID Tag Model 474', 2, 1, 2935918.94, 38, 99, 'UNIQUE9993', 'Available');
INSERT INTO Item (code, name, category_id, unit_id, price, minimum_stock, reorder_point, unique_code, status) VALUES ('ITEM0048', 'RFID Tag Model 750', 1, 3, 2420328.25, 17, 17, 'UNIQUE3001', 'Available');
INSERT INTO Item (code, name, category_id, unit_id, price, minimum_stock, reorder_point, unique_code, status) VALUES ('ITEM0049', 'RFID Tag Model 641', 3, 2, 811257.44, 13, 68, 'UNIQUE2697', 'Available');
INSERT INTO Item (code, name, category_id, unit_id, price, minimum_stock, reorder_point, unique_code, status) VALUES ('ITEM0050', 'Temperature Sensor Model 477', 2, 3, 1120836.71, 24, 12, 'UNIQUE4693', 'Available');
INSERT INTO Item (code, name, category_id, unit_id, price, minimum_stock, reorder_point, unique_code, status) VALUES ('ITEM0051', 'GPS Tracker Model 880', 2, 2, 2808397.98, 6, 67, 'UNIQUE2365', 'Available');
INSERT INTO Item (code, name, category_id, unit_id, price, minimum_stock, reorder_point, unique_code, status) VALUES ('ITEM0052', 'AI Camera Model 842', 2, 3, 4677865.35, 40, 45, 'UNIQUE3181', 'Available');
INSERT INTO Item (code, name, category_id, unit_id, price, minimum_stock, reorder_point, unique_code, status) VALUES ('ITEM0053', 'GPS Tracker Model 799', 3, 3, 4552089.38, 30, 53, 'UNIQUE9423', 'Available');
INSERT INTO Item (code, name, category_id, unit_id, price, minimum_stock, reorder_point, unique_code, status) VALUES ('ITEM0054', 'RFID Tag Model 190', 4, 3, 4809723.7, 23, 18, 'UNIQUE3363', 'Available');
INSERT INTO Item (code, name, category_id, unit_id, price, minimum_stock, reorder_point, unique_code, status) VALUES ('ITEM0055', 'AI Camera Model 320', 1, 3, 2105115.35, 16, 98, 'UNIQUE8049', 'Available');
INSERT INTO Item (code, name, category_id, unit_id, price, minimum_stock, reorder_point, unique_code, status) VALUES ('ITEM0056', 'AI Camera Model 815', 2, 3, 1439998.11, 13, 95, 'UNIQUE7597', 'Available');
INSERT INTO Item (code, name, category_id, unit_id, price, minimum_stock, reorder_point, unique_code, status) VALUES ('ITEM0057', 'Temperature Sensor Model 899', 2, 3, 2932315.35, 7, 21, 'UNIQUE1467', 'Available');
INSERT INTO Item (code, name, category_id, unit_id, price, minimum_stock, reorder_point, unique_code, status) VALUES ('ITEM0058', 'Temperature Sensor Model 557', 4, 1, 4754212.81, 14, 29, 'UNIQUE2754', 'Available');
INSERT INTO Item (code, name, category_id, unit_id, price, minimum_stock, reorder_point, unique_code, status) VALUES ('ITEM0059', 'Temperature Sensor Model 806', 1, 3, 4454198.02, 11, 61, 'UNIQUE8128', 'Available');
INSERT INTO Item (code, name, category_id, unit_id, price, minimum_stock, reorder_point, unique_code, status) VALUES ('ITEM0060', 'AI Camera Model 163', 4, 1, 3922074.0, 20, 35, 'UNIQUE9007', 'Available');
INSERT INTO Item (code, name, category_id, unit_id, price, minimum_stock, reorder_point, unique_code, status) VALUES ('ITEM0061', 'RFID Tag Model 866', 2, 2, 2360131.48, 41, 62, 'UNIQUE3609', 'Available');
INSERT INTO Item (code, name, category_id, unit_id, price, minimum_stock, reorder_point, unique_code, status) VALUES ('ITEM0062', 'GPS Tracker Model 868', 2, 1, 3360432.96, 12, 90, 'UNIQUE2617', 'Available');
INSERT INTO Item (code, name, category_id, unit_id, price, minimum_stock, reorder_point, unique_code, status) VALUES ('ITEM0063', 'AI Camera Model 891', 2, 3, 4022805.78, 31, 36, 'UNIQUE2264', 'Available');
INSERT INTO Item (code, name, category_id, unit_id, price, minimum_stock, reorder_point, unique_code, status) VALUES ('ITEM0064', 'RFID Tag Model 409', 4, 2, 2840190.48, 49, 20, 'UNIQUE4163', 'Available');
INSERT INTO Item (code, name, category_id, unit_id, price, minimum_stock, reorder_point, unique_code, status) VALUES ('ITEM0065', 'AI Camera Model 998', 1, 3, 4876266.99, 27, 69, 'UNIQUE4175', 'Available');
INSERT INTO Item (code, name, category_id, unit_id, price, minimum_stock, reorder_point, unique_code, status) VALUES ('ITEM0066', 'AI Camera Model 960', 3, 3, 1700976.37, 39, 27, 'UNIQUE4496', 'Available');
INSERT INTO Item (code, name, category_id, unit_id, price, minimum_stock, reorder_point, unique_code, status) VALUES ('ITEM0067', 'Temperature Sensor Model 185', 4, 3, 1912744.64, 46, 58, 'UNIQUE3413', 'Available');
INSERT INTO Item (code, name, category_id, unit_id, price, minimum_stock, reorder_point, unique_code, status) VALUES ('ITEM0068', 'RFID Tag Model 126', 3, 3, 4883654.13, 21, 38, 'UNIQUE3832', 'Available');
INSERT INTO Item (code, name, category_id, unit_id, price, minimum_stock, reorder_point, unique_code, status) VALUES ('ITEM0069', 'Temperature Sensor Model 235', 4, 2, 3867863.03, 49, 47, 'UNIQUE6406', 'Available');
INSERT INTO Item (code, name, category_id, unit_id, price, minimum_stock, reorder_point, unique_code, status) VALUES ('ITEM0070', 'RFID Tag Model 330', 4, 2, 4763241.18, 27, 87, 'UNIQUE6578', 'Available');
INSERT INTO Item (code, name, category_id, unit_id, price, minimum_stock, reorder_point, unique_code, status) VALUES ('ITEM0071', 'RFID Tag Model 947', 4, 3, 3696714.01, 8, 22, 'UNIQUE6657', 'Available');
INSERT INTO Item (code, name, category_id, unit_id, price, minimum_stock, reorder_point, unique_code, status) VALUES ('ITEM0072', 'Temperature Sensor Model 736', 2, 1, 4853838.07, 50, 52, 'UNIQUE1682', 'Available');
INSERT INTO Item (code, name, category_id, unit_id, price, minimum_stock, reorder_point, unique_code, status) VALUES ('ITEM0073', 'RFID Tag Model 536', 4, 1, 2981994.98, 24, 71, 'UNIQUE9153', 'Available');
INSERT INTO Item (code, name, category_id, unit_id, price, minimum_stock, reorder_point, unique_code, status) VALUES ('ITEM0074', 'GPS Tracker Model 463', 1, 1, 2093388.24, 32, 97, 'UNIQUE2687', 'Available');
INSERT INTO Item (code, name, category_id, unit_id, price, minimum_stock, reorder_point, unique_code, status) VALUES ('ITEM0075', 'GPS Tracker Model 652', 2, 1, 2762947.43, 9, 74, 'UNIQUE1808', 'Available');
INSERT INTO Item (code, name, category_id, unit_id, price, minimum_stock, reorder_point, unique_code, status) VALUES ('ITEM0076', 'RFID Tag Model 438', 1, 1, 3992534.34, 14, 59, 'UNIQUE3948', 'Available');
INSERT INTO Item (code, name, category_id, unit_id, price, minimum_stock, reorder_point, unique_code, status) VALUES ('ITEM0077', 'Temperature Sensor Model 952', 3, 1, 210320.36, 22, 40, 'UNIQUE8832', 'Available');
INSERT INTO Item (code, name, category_id, unit_id, price, minimum_stock, reorder_point, unique_code, status) VALUES ('ITEM0078', 'GPS Tracker Model 175', 1, 3, 3946537.83, 49, 80, 'UNIQUE9301', 'Available');
INSERT INTO Item (code, name, category_id, unit_id, price, minimum_stock, reorder_point, unique_code, status) VALUES ('ITEM0079', 'AI Camera Model 398', 3, 3, 4970875.47, 4, 69, 'UNIQUE5050', 'Available');
INSERT INTO Item (code, name, category_id, unit_id, price, minimum_stock, reorder_point, unique_code, status) VALUES ('ITEM0080', 'AI Camera Model 747', 3, 1, 2461857.47, 37, 53, 'UNIQUE1151', 'Available');
INSERT INTO Item (code, name, category_id, unit_id, price, minimum_stock, reorder_point, unique_code, status) VALUES ('ITEM0081', 'Temperature Sensor Model 755', 1, 3, 881714.57, 33, 41, 'UNIQUE5822', 'Available');
INSERT INTO Item (code, name, category_id, unit_id, price, minimum_stock, reorder_point, unique_code, status) VALUES ('ITEM0082', 'AI Camera Model 214', 4, 1, 3871058.74, 8, 22, 'UNIQUE7772', 'Available');
INSERT INTO Item (code, name, category_id, unit_id, price, minimum_stock, reorder_point, unique_code, status) VALUES ('ITEM0083', 'GPS Tracker Model 515', 4, 1, 1733715.0, 36, 88, 'UNIQUE7466', 'Available');
INSERT INTO Item (code, name, category_id, unit_id, price, minimum_stock, reorder_point, unique_code, status) VALUES ('ITEM0084', 'GPS Tracker Model 930', 4, 2, 4375512.1, 28, 57, 'UNIQUE8644', 'Available');
INSERT INTO Item (code, name, category_id, unit_id, price, minimum_stock, reorder_point, unique_code, status) VALUES ('ITEM0085', 'RFID Tag Model 500', 2, 1, 1381211.01, 21, 54, 'UNIQUE1419', 'Available');
INSERT INTO Item (code, name, category_id, unit_id, price, minimum_stock, reorder_point, unique_code, status) VALUES ('ITEM0086', 'RFID Tag Model 584', 2, 3, 3939672.29, 18, 49, 'UNIQUE5190', 'Available');
INSERT INTO Item (code, name, category_id, unit_id, price, minimum_stock, reorder_point, unique_code, status) VALUES ('ITEM0087', 'RFID Tag Model 132', 3, 3, 3977942.0, 25, 31, 'UNIQUE8472', 'Available');
INSERT INTO Item (code, name, category_id, unit_id, price, minimum_stock, reorder_point, unique_code, status) VALUES ('ITEM0088', 'GPS Tracker Model 937', 1, 3, 968138.54, 25, 43, 'UNIQUE8963', 'Available');
INSERT INTO Item (code, name, category_id, unit_id, price, minimum_stock, reorder_point, unique_code, status) VALUES ('ITEM0089', 'GPS Tracker Model 448', 3, 3, 3150489.41, 26, 76, 'UNIQUE1391', 'Available');
INSERT INTO Item (code, name, category_id, unit_id, price, minimum_stock, reorder_point, unique_code, status) VALUES ('ITEM0090', 'AI Camera Model 970', 2, 3, 2721552.72, 42, 28, 'UNIQUE4914', 'Available');
INSERT INTO Item (code, name, category_id, unit_id, price, minimum_stock, reorder_point, unique_code, status) VALUES ('ITEM0091', 'GPS Tracker Model 715', 2, 1, 2458579.14, 24, 17, 'UNIQUE2183', 'Available');
INSERT INTO Item (code, name, category_id, unit_id, price, minimum_stock, reorder_point, unique_code, status) VALUES ('ITEM0092', 'AI Camera Model 161', 2, 2, 3180917.33, 33, 54, 'UNIQUE4348', 'Available');
INSERT INTO Item (code, name, category_id, unit_id, price, minimum_stock, reorder_point, unique_code, status) VALUES ('ITEM0093', 'GPS Tracker Model 327', 3, 2, 506715.63, 32, 81, 'UNIQUE4359', 'Available');
INSERT INTO Item (code, name, category_id, unit_id, price, minimum_stock, reorder_point, unique_code, status) VALUES ('ITEM0094', 'Temperature Sensor Model 347', 3, 3, 1357581.17, 48, 90, 'UNIQUE5777', 'Available');
INSERT INTO Item (code, name, category_id, unit_id, price, minimum_stock, reorder_point, unique_code, status) VALUES ('ITEM0095', 'GPS Tracker Model 684', 4, 3, 2520903.72, 16, 50, 'UNIQUE2796', 'Available');
INSERT INTO Item (code, name, category_id, unit_id, price, minimum_stock, reorder_point, unique_code, status) VALUES ('ITEM0096', 'AI Camera Model 197', 1, 3, 2981407.84, 11, 19, 'UNIQUE2837', 'Available');
INSERT INTO Item (code, name, category_id, unit_id, price, minimum_stock, reorder_point, unique_code, status) VALUES ('ITEM0097', 'AI Camera Model 580', 4, 2, 3493526.49, 50, 15, 'UNIQUE5823', 'Available');
INSERT INTO Item (code, name, category_id, unit_id, price, minimum_stock, reorder_point, unique_code, status) VALUES ('ITEM0098', 'GPS Tracker Model 198', 1, 2, 4188593.38, 48, 70, 'UNIQUE5022', 'Available');
INSERT INTO Item (code, name, category_id, unit_id, price, minimum_stock, reorder_point, unique_code, status) VALUES ('ITEM0099', 'Temperature Sensor Model 551', 4, 1, 3055925.72, 41, 62, 'UNIQUE3838', 'Available');
INSERT INTO Item (code, name, category_id, unit_id, price, minimum_stock, reorder_point, unique_code, status) VALUES ('ITEM0100', 'GPS Tracker Model 188', 3, 2, 717393.09, 26, 28, 'UNIQUE4126', 'Available');
INSERT INTO Item (code, name, category_id, unit_id, price, minimum_stock, reorder_point, unique_code, status) VALUES ('ITEM0101', 'GPS Tracker Model 256', 4, 1, 3779321.99, 43, 96, 'UNIQUE7535', 'Available');
INSERT INTO Item (code, name, category_id, unit_id, price, minimum_stock, reorder_point, unique_code, status) VALUES ('ITEM0102', 'GPS Tracker Model 659', 4, 1, 2271473.37, 20, 72, 'UNIQUE6684', 'Available');
INSERT INTO Item (code, name, category_id, unit_id, price, minimum_stock, reorder_point, unique_code, status) VALUES ('ITEM0103', 'RFID Tag Model 596', 1, 2, 4933504.99, 27, 61, 'UNIQUE6375', 'Available');
INSERT INTO Item (code, name, category_id, unit_id, price, minimum_stock, reorder_point, unique_code, status) VALUES ('ITEM0104', 'AI Camera Model 546', 4, 2, 1173070.74, 15, 66, 'UNIQUE3388', 'Available');
INSERT INTO Item (code, name, category_id, unit_id, price, minimum_stock, reorder_point, unique_code, status) VALUES ('ITEM0105', 'GPS Tracker Model 614', 2, 2, 2385911.03, 10, 28, 'UNIQUE4392', 'Available');
INSERT INTO Item (code, name, category_id, unit_id, price, minimum_stock, reorder_point, unique_code, status) VALUES ('ITEM0106', 'GPS Tracker Model 432', 2, 1, 3574340.41, 12, 60, 'UNIQUE4181', 'Available');
INSERT INTO Item (code, name, category_id, unit_id, price, minimum_stock, reorder_point, unique_code, status) VALUES ('ITEM0107', 'GPS Tracker Model 609', 3, 1, 4474408.79, 19, 97, 'UNIQUE2462', 'Available');
INSERT INTO Item (code, name, category_id, unit_id, price, minimum_stock, reorder_point, unique_code, status) VALUES ('ITEM0108', 'RFID Tag Model 706', 3, 3, 4487009.18, 28, 19, 'UNIQUE7945', 'Available');
INSERT INTO Item (code, name, category_id, unit_id, price, minimum_stock, reorder_point, unique_code, status) VALUES ('ITEM0109', 'GPS Tracker Model 679', 1, 3, 4462765.44, 32, 65, 'UNIQUE1912', 'Available');
INSERT INTO Item (code, name, category_id, unit_id, price, minimum_stock, reorder_point, unique_code, status) VALUES ('ITEM0110', 'AI Camera Model 509', 3, 1, 4253316.35, 2, 47, 'UNIQUE4383', 'Available');
INSERT INTO Item (code, name, category_id, unit_id, price, minimum_stock, reorder_point, unique_code, status) VALUES ('ITEM0111', 'GPS Tracker Model 211', 2, 2, 2025054.59, 46, 90, 'UNIQUE2883', 'Available');
INSERT INTO Item (code, name, category_id, unit_id, price, minimum_stock, reorder_point, unique_code, status) VALUES ('ITEM0112', 'RFID Tag Model 639', 3, 1, 2485601.91, 38, 89, 'UNIQUE4551', 'Available');
INSERT INTO Item (code, name, category_id, unit_id, price, minimum_stock, reorder_point, unique_code, status) VALUES ('ITEM0113', 'AI Camera Model 850', 2, 1, 2788594.88, 29, 89, 'UNIQUE9826', 'Available');
INSERT INTO Item (code, name, category_id, unit_id, price, minimum_stock, reorder_point, unique_code, status) VALUES ('ITEM0114', 'AI Camera Model 631', 2, 3, 4399693.54, 3, 86, 'UNIQUE2341', 'Available');
INSERT INTO Item (code, name, category_id, unit_id, price, minimum_stock, reorder_point, unique_code, status) VALUES ('ITEM0115', 'GPS Tracker Model 219', 2, 3, 3296718.2, 40, 28, 'UNIQUE4435', 'Available');
INSERT INTO Item (code, name, category_id, unit_id, price, minimum_stock, reorder_point, unique_code, status) VALUES ('ITEM0116', 'AI Camera Model 327', 3, 3, 4659840.31, 5, 74, 'UNIQUE4217', 'Available');
INSERT INTO Item (code, name, category_id, unit_id, price, minimum_stock, reorder_point, unique_code, status) VALUES ('ITEM0117', 'GPS Tracker Model 497', 4, 1, 4163743.15, 22, 60, 'UNIQUE5822', 'Available');
INSERT INTO Item (code, name, category_id, unit_id, price, minimum_stock, reorder_point, unique_code, status) VALUES ('ITEM0118', 'AI Camera Model 523', 3, 2, 4996445.87, 5, 55, 'UNIQUE6406', 'Available');
INSERT INTO Item (code, name, category_id, unit_id, price, minimum_stock, reorder_point, unique_code, status) VALUES ('ITEM0119', 'Temperature Sensor Model 724', 1, 3, 468129.04, 27, 25, 'UNIQUE6975', 'Available');
INSERT INTO Item (code, name, category_id, unit_id, price, minimum_stock, reorder_point, unique_code, status) VALUES ('ITEM0120', 'AI Camera Model 130', 4, 1, 3003719.3, 34, 73, 'UNIQUE9029', 'Available');
INSERT INTO Item (code, name, category_id, unit_id, price, minimum_stock, reorder_point, unique_code, status) VALUES ('ITEM0121', 'AI Camera Model 721', 1, 3, 1480592.01, 14, 34, 'UNIQUE6728', 'Available');
INSERT INTO Item (code, name, category_id, unit_id, price, minimum_stock, reorder_point, unique_code, status) VALUES ('ITEM0122', 'GPS Tracker Model 263', 2, 3, 1562009.47, 31, 88, 'UNIQUE3986', 'Available');
INSERT INTO Item (code, name, category_id, unit_id, price, minimum_stock, reorder_point, unique_code, status) VALUES ('ITEM0123', 'Temperature Sensor Model 623', 4, 3, 1271290.08, 40, 92, 'UNIQUE2401', 'Available');
INSERT INTO Item (code, name, category_id, unit_id, price, minimum_stock, reorder_point, unique_code, status) VALUES ('ITEM0124', 'AI Camera Model 705', 2, 2, 1748570.16, 37, 75, 'UNIQUE7808', 'Available');
INSERT INTO Item (code, name, category_id, unit_id, price, minimum_stock, reorder_point, unique_code, status) VALUES ('ITEM0125', 'RFID Tag Model 955', 3, 3, 3858471.88, 18, 29, 'UNIQUE5180', 'Available');
INSERT INTO Item (code, name, category_id, unit_id, price, minimum_stock, reorder_point, unique_code, status) VALUES ('ITEM0126', 'Temperature Sensor Model 493', 1, 3, 3940245.78, 44, 86, 'UNIQUE6806', 'Available');
INSERT INTO Item (code, name, category_id, unit_id, price, minimum_stock, reorder_point, unique_code, status) VALUES ('ITEM0127', 'Temperature Sensor Model 416', 3, 3, 3324064.21, 48, 37, 'UNIQUE5698', 'Available');
INSERT INTO Item (code, name, category_id, unit_id, price, minimum_stock, reorder_point, unique_code, status) VALUES ('ITEM0128', 'RFID Tag Model 703', 4, 3, 1268372.09, 32, 67, 'UNIQUE7371', 'Available');
INSERT INTO Item (code, name, category_id, unit_id, price, minimum_stock, reorder_point, unique_code, status) VALUES ('ITEM0129', 'AI Camera Model 380', 2, 3, 1394907.91, 12, 43, 'UNIQUE7022', 'Available');
INSERT INTO Item (code, name, category_id, unit_id, price, minimum_stock, reorder_point, unique_code, status) VALUES ('ITEM0130', 'AI Camera Model 490', 1, 2, 4874821.85, 32, 20, 'UNIQUE4324', 'Available');
INSERT INTO Item (code, name, category_id, unit_id, price, minimum_stock, reorder_point, unique_code, status) VALUES ('ITEM0131', 'GPS Tracker Model 989', 2, 2, 619444.7, 17, 74, 'UNIQUE4318', 'Available');
INSERT INTO Item (code, name, category_id, unit_id, price, minimum_stock, reorder_point, unique_code, status) VALUES ('ITEM0132', 'GPS Tracker Model 441', 3, 2, 4915537.45, 23, 92, 'UNIQUE6780', 'Available');
INSERT INTO Item (code, name, category_id, unit_id, price, minimum_stock, reorder_point, unique_code, status) VALUES ('ITEM0133', 'AI Camera Model 824', 3, 2, 4891351.75, 31, 22, 'UNIQUE2426', 'Available');
INSERT INTO Item (code, name, category_id, unit_id, price, minimum_stock, reorder_point, unique_code, status) VALUES ('ITEM0134', 'RFID Tag Model 323', 4, 3, 1166000.86, 6, 47, 'UNIQUE2404', 'Available');
INSERT INTO Item (code, name, category_id, unit_id, price, minimum_stock, reorder_point, unique_code, status) VALUES ('ITEM0135', 'AI Camera Model 273', 4, 2, 1990677.32, 21, 20, 'UNIQUE5064', 'Available');
INSERT INTO Item (code, name, category_id, unit_id, price, minimum_stock, reorder_point, unique_code, status) VALUES ('ITEM0136', 'RFID Tag Model 324', 4, 2, 4929214.52, 7, 39, 'UNIQUE2932', 'Available');
INSERT INTO Item (code, name, category_id, unit_id, price, minimum_stock, reorder_point, unique_code, status) VALUES ('ITEM0137', 'AI Camera Model 323', 4, 2, 3102640.77, 25, 73, 'UNIQUE1190', 'Available');
INSERT INTO Item (code, name, category_id, unit_id, price, minimum_stock, reorder_point, unique_code, status) VALUES ('ITEM0138', 'RFID Tag Model 324', 1, 3, 2409126.1, 20, 21, 'UNIQUE4721', 'Available');
INSERT INTO Item (code, name, category_id, unit_id, price, minimum_stock, reorder_point, unique_code, status) VALUES ('ITEM0139', 'AI Camera Model 875', 1, 3, 4983743.76, 30, 71, 'UNIQUE1694', 'Available');
INSERT INTO Item (code, name, category_id, unit_id, price, minimum_stock, reorder_point, unique_code, status) VALUES ('ITEM0140', 'GPS Tracker Model 994', 4, 1, 1597539.02, 14, 26, 'UNIQUE9172', 'Available');
INSERT INTO Item (code, name, category_id, unit_id, price, minimum_stock, reorder_point, unique_code, status) VALUES ('ITEM0141', 'RFID Tag Model 438', 3, 2, 4882899.41, 28, 97, 'UNIQUE3757', 'Available');
INSERT INTO Item (code, name, category_id, unit_id, price, minimum_stock, reorder_point, unique_code, status) VALUES ('ITEM0142', 'AI Camera Model 518', 3, 1, 3119174.35, 19, 26, 'UNIQUE6402', 'Available');
INSERT INTO Item (code, name, category_id, unit_id, price, minimum_stock, reorder_point, unique_code, status) VALUES ('ITEM0143', 'RFID Tag Model 267', 2, 2, 2140874.31, 42, 90, 'UNIQUE1246', 'Available');
INSERT INTO Item (code, name, category_id, unit_id, price, minimum_stock, reorder_point, unique_code, status) VALUES ('ITEM0144', 'GPS Tracker Model 158', 1, 3, 2592596.88, 41, 32, 'UNIQUE6623', 'Available');
INSERT INTO Item (code, name, category_id, unit_id, price, minimum_stock, reorder_point, unique_code, status) VALUES ('ITEM0145', 'RFID Tag Model 659', 2, 3, 4711812.5, 7, 81, 'UNIQUE6229', 'Available');
INSERT INTO Item (code, name, category_id, unit_id, price, minimum_stock, reorder_point, unique_code, status) VALUES ('ITEM0146', 'GPS Tracker Model 816', 1, 1, 3191150.96, 48, 85, 'UNIQUE6190', 'Available');
INSERT INTO Item (code, name, category_id, unit_id, price, minimum_stock, reorder_point, unique_code, status) VALUES ('ITEM0147', 'Temperature Sensor Model 846', 3, 2, 1547424.62, 11, 12, 'UNIQUE1575', 'Available');
INSERT INTO Item (code, name, category_id, unit_id, price, minimum_stock, reorder_point, unique_code, status) VALUES ('ITEM0148', 'AI Camera Model 472', 2, 1, 1411955.1, 40, 28, 'UNIQUE2685', 'Available');
INSERT INTO Item (code, name, category_id, unit_id, price, minimum_stock, reorder_point, unique_code, status) VALUES ('ITEM0149', 'GPS Tracker Model 929', 2, 3, 827443.9, 10, 57, 'UNIQUE4789', 'Available');
INSERT INTO Item (code, name, category_id, unit_id, price, minimum_stock, reorder_point, unique_code, status) VALUES ('ITEM0150', 'RFID Tag Model 474', 1, 2, 287017.84, 30, 69, 'UNIQUE3639', 'Available');
INSERT INTO Item (code, name, category_id, unit_id, price, minimum_stock, reorder_point, unique_code, status) VALUES ('ITEM0151', 'GPS Tracker Model 665', 4, 1, 521925.94, 3, 47, 'UNIQUE6429', 'Available');
INSERT INTO Item (code, name, category_id, unit_id, price, minimum_stock, reorder_point, unique_code, status) VALUES ('ITEM0152', 'GPS Tracker Model 288', 1, 2, 2352517.05, 29, 70, 'UNIQUE1905', 'Available');
INSERT INTO Item (code, name, category_id, unit_id, price, minimum_stock, reorder_point, unique_code, status) VALUES ('ITEM0153', 'RFID Tag Model 189', 4, 3, 3724337.03, 7, 41, 'UNIQUE7857', 'Available');
INSERT INTO Item (code, name, category_id, unit_id, price, minimum_stock, reorder_point, unique_code, status) VALUES ('ITEM0154', 'AI Camera Model 597', 2, 3, 811783.23, 16, 56, 'UNIQUE4361', 'Available');
INSERT INTO Item (code, name, category_id, unit_id, price, minimum_stock, reorder_point, unique_code, status) VALUES ('ITEM0155', 'GPS Tracker Model 357', 1, 2, 3910314.21, 49, 23, 'UNIQUE4598', 'Available');
INSERT INTO Item (code, name, category_id, unit_id, price, minimum_stock, reorder_point, unique_code, status) VALUES ('ITEM0156', 'RFID Tag Model 279', 1, 2, 704544.17, 4, 55, 'UNIQUE5813', 'Available');
INSERT INTO Item (code, name, category_id, unit_id, price, minimum_stock, reorder_point, unique_code, status) VALUES ('ITEM0157', 'AI Camera Model 910', 4, 1, 1792025.96, 36, 23, 'UNIQUE6707', 'Available');
INSERT INTO Item (code, name, category_id, unit_id, price, minimum_stock, reorder_point, unique_code, status) VALUES ('ITEM0158', 'AI Camera Model 719', 2, 3, 780289.01, 7, 62, 'UNIQUE5261', 'Available');
INSERT INTO Item (code, name, category_id, unit_id, price, minimum_stock, reorder_point, unique_code, status) VALUES ('ITEM0159', 'GPS Tracker Model 453', 3, 3, 2882389.56, 36, 11, 'UNIQUE8642', 'Available');
INSERT INTO Item (code, name, category_id, unit_id, price, minimum_stock, reorder_point, unique_code, status) VALUES ('ITEM0160', 'RFID Tag Model 792', 4, 2, 2468344.92, 32, 45, 'UNIQUE3863', 'Available');
INSERT INTO Item (code, name, category_id, unit_id, price, minimum_stock, reorder_point, unique_code, status) VALUES ('ITEM0161', 'GPS Tracker Model 755', 2, 1, 2323985.25, 36, 21, 'UNIQUE1297', 'Available');
INSERT INTO Item (code, name, category_id, unit_id, price, minimum_stock, reorder_point, unique_code, status) VALUES ('ITEM0162', 'RFID Tag Model 670', 4, 1, 2605315.34, 30, 88, 'UNIQUE1516', 'Available');
INSERT INTO Item (code, name, category_id, unit_id, price, minimum_stock, reorder_point, unique_code, status) VALUES ('ITEM0163', 'Temperature Sensor Model 250', 1, 2, 1885348.64, 10, 50, 'UNIQUE5751', 'Available');
INSERT INTO Item (code, name, category_id, unit_id, price, minimum_stock, reorder_point, unique_code, status) VALUES ('ITEM0164', 'AI Camera Model 953', 2, 3, 1042857.5, 5, 79, 'UNIQUE2859', 'Available');
INSERT INTO Item (code, name, category_id, unit_id, price, minimum_stock, reorder_point, unique_code, status) VALUES ('ITEM0165', 'Temperature Sensor Model 172', 2, 2, 1388542.33, 15, 35, 'UNIQUE1922', 'Available');
INSERT INTO Item (code, name, category_id, unit_id, price, minimum_stock, reorder_point, unique_code, status) VALUES ('ITEM0166', 'GPS Tracker Model 840', 4, 3, 4664992.46, 45, 30, 'UNIQUE5553', 'Available');
INSERT INTO Item (code, name, category_id, unit_id, price, minimum_stock, reorder_point, unique_code, status) VALUES ('ITEM0167', 'Temperature Sensor Model 579', 3, 1, 3102084.76, 4, 80, 'UNIQUE1025', 'Available');
INSERT INTO Item (code, name, category_id, unit_id, price, minimum_stock, reorder_point, unique_code, status) VALUES ('ITEM0168', 'AI Camera Model 167', 1, 1, 2201308.6, 43, 47, 'UNIQUE3167', 'Available');
INSERT INTO Item (code, name, category_id, unit_id, price, minimum_stock, reorder_point, unique_code, status) VALUES ('ITEM0169', 'AI Camera Model 902', 1, 2, 1225593.96, 20, 63, 'UNIQUE3074', 'Available');
INSERT INTO Item (code, name, category_id, unit_id, price, minimum_stock, reorder_point, unique_code, status) VALUES ('ITEM0170', 'Temperature Sensor Model 682', 1, 1, 1906627.67, 49, 95, 'UNIQUE5773', 'Available');
INSERT INTO Item (code, name, category_id, unit_id, price, minimum_stock, reorder_point, unique_code, status) VALUES ('ITEM0171', 'GPS Tracker Model 472', 3, 1, 1291220.08, 28, 59, 'UNIQUE1712', 'Available');
INSERT INTO Item (code, name, category_id, unit_id, price, minimum_stock, reorder_point, unique_code, status) VALUES ('ITEM0172', 'AI Camera Model 924', 3, 3, 869915.37, 49, 98, 'UNIQUE2938', 'Available');
INSERT INTO Item (code, name, category_id, unit_id, price, minimum_stock, reorder_point, unique_code, status) VALUES ('ITEM0173', 'Temperature Sensor Model 475', 4, 2, 4672401.36, 2, 27, 'UNIQUE1995', 'Available');
INSERT INTO Item (code, name, category_id, unit_id, price, minimum_stock, reorder_point, unique_code, status) VALUES ('ITEM0174', 'RFID Tag Model 401', 2, 1, 2951501.42, 4, 12, 'UNIQUE6696', 'Available');
INSERT INTO Item (code, name, category_id, unit_id, price, minimum_stock, reorder_point, unique_code, status) VALUES ('ITEM0175', 'Temperature Sensor Model 182', 1, 3, 4920639.58, 9, 63, 'UNIQUE6770', 'Available');
INSERT INTO Item (code, name, category_id, unit_id, price, minimum_stock, reorder_point, unique_code, status) VALUES ('ITEM0176', 'GPS Tracker Model 739', 3, 1, 2858569.82, 41, 62, 'UNIQUE2561', 'Available');
INSERT INTO Item (code, name, category_id, unit_id, price, minimum_stock, reorder_point, unique_code, status) VALUES ('ITEM0177', 'GPS Tracker Model 127', 4, 1, 1348535.63, 17, 15, 'UNIQUE9411', 'Available');
INSERT INTO Item (code, name, category_id, unit_id, price, minimum_stock, reorder_point, unique_code, status) VALUES ('ITEM0178', 'AI Camera Model 606', 3, 2, 3883599.01, 44, 72, 'UNIQUE8778', 'Available');
INSERT INTO Item (code, name, category_id, unit_id, price, minimum_stock, reorder_point, unique_code, status) VALUES ('ITEM0179', 'AI Camera Model 329', 1, 3, 1278348.13, 20, 28, 'UNIQUE7156', 'Available');
INSERT INTO Item (code, name, category_id, unit_id, price, minimum_stock, reorder_point, unique_code, status) VALUES ('ITEM0180', 'GPS Tracker Model 549', 4, 1, 3813004.02, 43, 13, 'UNIQUE6529', 'Available');
INSERT INTO Item (code, name, category_id, unit_id, price, minimum_stock, reorder_point, unique_code, status) VALUES ('ITEM0181', 'GPS Tracker Model 872', 3, 2, 4987403.94, 3, 41, 'UNIQUE2049', 'Available');
INSERT INTO Item (code, name, category_id, unit_id, price, minimum_stock, reorder_point, unique_code, status) VALUES ('ITEM0182', 'RFID Tag Model 537', 3, 1, 4108138.09, 8, 72, 'UNIQUE7224', 'Available');
INSERT INTO Item (code, name, category_id, unit_id, price, minimum_stock, reorder_point, unique_code, status) VALUES ('ITEM0183', 'RFID Tag Model 277', 2, 2, 2351312.33, 11, 30, 'UNIQUE1159', 'Available');
INSERT INTO Item (code, name, category_id, unit_id, price, minimum_stock, reorder_point, unique_code, status) VALUES ('ITEM0184', 'GPS Tracker Model 628', 3, 3, 308598.58, 41, 25, 'UNIQUE5628', 'Available');
INSERT INTO Item (code, name, category_id, unit_id, price, minimum_stock, reorder_point, unique_code, status) VALUES ('ITEM0185', 'GPS Tracker Model 197', 3, 3, 520272.7, 43, 34, 'UNIQUE8958', 'Available');
INSERT INTO Item (code, name, category_id, unit_id, price, minimum_stock, reorder_point, unique_code, status) VALUES ('ITEM0186', 'RFID Tag Model 799', 2, 1, 2459344.84, 25, 31, 'UNIQUE4607', 'Available');
INSERT INTO Item (code, name, category_id, unit_id, price, minimum_stock, reorder_point, unique_code, status) VALUES ('ITEM0187', 'AI Camera Model 244', 4, 2, 4837889.64, 17, 62, 'UNIQUE2116', 'Available');
INSERT INTO Item (code, name, category_id, unit_id, price, minimum_stock, reorder_point, unique_code, status) VALUES ('ITEM0188', 'AI Camera Model 616', 4, 2, 226925.21, 32, 76, 'UNIQUE4600', 'Available');
INSERT INTO Item (code, name, category_id, unit_id, price, minimum_stock, reorder_point, unique_code, status) VALUES ('ITEM0189', 'Temperature Sensor Model 107', 1, 1, 1383761.39, 23, 35, 'UNIQUE8778', 'Available');
INSERT INTO Item (code, name, category_id, unit_id, price, minimum_stock, reorder_point, unique_code, status) VALUES ('ITEM0190', 'RFID Tag Model 466', 3, 3, 304568.35, 13, 77, 'UNIQUE1928', 'Available');
INSERT INTO Item (code, name, category_id, unit_id, price, minimum_stock, reorder_point, unique_code, status) VALUES ('ITEM0191', 'AI Camera Model 508', 4, 2, 2822836.74, 44, 94, 'UNIQUE7913', 'Available');
INSERT INTO Item (code, name, category_id, unit_id, price, minimum_stock, reorder_point, unique_code, status) VALUES ('ITEM0192', 'RFID Tag Model 386', 4, 2, 4288223.37, 49, 37, 'UNIQUE6088', 'Available');
INSERT INTO Item (code, name, category_id, unit_id, price, minimum_stock, reorder_point, unique_code, status) VALUES ('ITEM0193', 'AI Camera Model 251', 3, 3, 157229.72, 23, 88, 'UNIQUE7962', 'Available');
INSERT INTO Item (code, name, category_id, unit_id, price, minimum_stock, reorder_point, unique_code, status) VALUES ('ITEM0194', 'GPS Tracker Model 801', 4, 3, 108631.15, 31, 23, 'UNIQUE8505', 'Available');
INSERT INTO Item (code, name, category_id, unit_id, price, minimum_stock, reorder_point, unique_code, status) VALUES ('ITEM0195', 'AI Camera Model 423', 3, 1, 2001468.18, 21, 97, 'UNIQUE2604', 'Available');
INSERT INTO Item (code, name, category_id, unit_id, price, minimum_stock, reorder_point, unique_code, status) VALUES ('ITEM0196', 'RFID Tag Model 994', 3, 2, 1522608.97, 43, 77, 'UNIQUE2809', 'Available');
INSERT INTO Item (code, name, category_id, unit_id, price, minimum_stock, reorder_point, unique_code, status) VALUES ('ITEM0197', 'AI Camera Model 869', 4, 1, 1135739.12, 42, 78, 'UNIQUE1734', 'Available');
INSERT INTO Item (code, name, category_id, unit_id, price, minimum_stock, reorder_point, unique_code, status) VALUES ('ITEM0198', 'RFID Tag Model 381', 2, 2, 3999515.5, 32, 92, 'UNIQUE8102', 'Available');
INSERT INTO Item (code, name, category_id, unit_id, price, minimum_stock, reorder_point, unique_code, status) VALUES ('ITEM0199', 'AI Camera Model 466', 3, 2, 2456408.86, 27, 42, 'UNIQUE9937', 'Available');
INSERT INTO Item (code, name, category_id, unit_id, price, minimum_stock, reorder_point, unique_code, status) VALUES ('ITEM0200', 'AI Camera Model 403', 1, 1, 2327471.11, 31, 22, 'UNIQUE9522', 'Available');
INSERT INTO Item (code, name, category_id, unit_id, price, minimum_stock, reorder_point, unique_code, status) VALUES ('ITEM0201', 'Temperature Sensor Model 690', 4, 3, 4687495.96, 40, 53, 'UNIQUE8392', 'Available');
INSERT INTO Item (code, name, category_id, unit_id, price, minimum_stock, reorder_point, unique_code, status) VALUES ('ITEM0202', 'Temperature Sensor Model 866', 1, 2, 2834480.67, 13, 30, 'UNIQUE3096', 'Available');
INSERT INTO Item (code, name, category_id, unit_id, price, minimum_stock, reorder_point, unique_code, status) VALUES ('ITEM0203', 'RFID Tag Model 421', 1, 1, 274845.15, 49, 33, 'UNIQUE8335', 'Available');
INSERT INTO Item (code, name, category_id, unit_id, price, minimum_stock, reorder_point, unique_code, status) VALUES ('ITEM0204', 'RFID Tag Model 663', 3, 3, 4695913.61, 38, 13, 'UNIQUE4073', 'Available');
INSERT INTO Item (code, name, category_id, unit_id, price, minimum_stock, reorder_point, unique_code, status) VALUES ('ITEM0205', 'RFID Tag Model 202', 3, 3, 3756175.08, 9, 60, 'UNIQUE1819', 'Available');
INSERT INTO Item (code, name, category_id, unit_id, price, minimum_stock, reorder_point, unique_code, status) VALUES ('ITEM0206', 'Temperature Sensor Model 524', 3, 1, 1836274.63, 9, 78, 'UNIQUE7329', 'Available');
INSERT INTO Item (code, name, category_id, unit_id, price, minimum_stock, reorder_point, unique_code, status) VALUES ('ITEM0207', 'GPS Tracker Model 935', 4, 2, 205303.44, 37, 99, 'UNIQUE5098', 'Available');
INSERT INTO Item (code, name, category_id, unit_id, price, minimum_stock, reorder_point, unique_code, status) VALUES ('ITEM0208', 'RFID Tag Model 478', 2, 1, 2053275.46, 27, 47, 'UNIQUE4785', 'Available');
INSERT INTO Item (code, name, category_id, unit_id, price, minimum_stock, reorder_point, unique_code, status) VALUES ('ITEM0209', 'GPS Tracker Model 862', 1, 1, 322483.26, 19, 47, 'UNIQUE9463', 'Available');
INSERT INTO Item (code, name, category_id, unit_id, price, minimum_stock, reorder_point, unique_code, status) VALUES ('ITEM0210', 'AI Camera Model 842', 1, 2, 429889.93, 18, 31, 'UNIQUE7275', 'Available');
INSERT INTO Item (code, name, category_id, unit_id, price, minimum_stock, reorder_point, unique_code, status) VALUES ('ITEM0211', 'RFID Tag Model 742', 2, 1, 2030826.75, 46, 16, 'UNIQUE8057', 'Available');
INSERT INTO Item (code, name, category_id, unit_id, price, minimum_stock, reorder_point, unique_code, status) VALUES ('ITEM0212', 'RFID Tag Model 285', 4, 3, 1699811.89, 11, 28, 'UNIQUE2358', 'Available');
INSERT INTO Item (code, name, category_id, unit_id, price, minimum_stock, reorder_point, unique_code, status) VALUES ('ITEM0213', 'GPS Tracker Model 869', 1, 2, 3995085.16, 11, 64, 'UNIQUE1401', 'Available');
INSERT INTO Item (code, name, category_id, unit_id, price, minimum_stock, reorder_point, unique_code, status) VALUES ('ITEM0214', 'Temperature Sensor Model 559', 2, 3, 3600805.87, 6, 66, 'UNIQUE6993', 'Available');
INSERT INTO Item (code, name, category_id, unit_id, price, minimum_stock, reorder_point, unique_code, status) VALUES ('ITEM0215', 'AI Camera Model 702', 2, 3, 3414785.63, 7, 77, 'UNIQUE9224', 'Available');
INSERT INTO Item (code, name, category_id, unit_id, price, minimum_stock, reorder_point, unique_code, status) VALUES ('ITEM0216', 'RFID Tag Model 155', 4, 1, 2078715.99, 15, 49, 'UNIQUE8444', 'Available');
INSERT INTO Item (code, name, category_id, unit_id, price, minimum_stock, reorder_point, unique_code, status) VALUES ('ITEM0217', 'RFID Tag Model 745', 3, 3, 3694197.45, 25, 77, 'UNIQUE8535', 'Available');
INSERT INTO Item (code, name, category_id, unit_id, price, minimum_stock, reorder_point, unique_code, status) VALUES ('ITEM0218', 'RFID Tag Model 560', 1, 1, 3603887.37, 4, 80, 'UNIQUE8723', 'Available');
INSERT INTO Item (code, name, category_id, unit_id, price, minimum_stock, reorder_point, unique_code, status) VALUES ('ITEM0219', 'RFID Tag Model 663', 3, 3, 2225188.06, 7, 54, 'UNIQUE2575', 'Available');
INSERT INTO Item (code, name, category_id, unit_id, price, minimum_stock, reorder_point, unique_code, status) VALUES ('ITEM0220', 'GPS Tracker Model 245', 2, 1, 2945647.91, 11, 82, 'UNIQUE8124', 'Available');
INSERT INTO Item (code, name, category_id, unit_id, price, minimum_stock, reorder_point, unique_code, status) VALUES ('ITEM0221', 'AI Camera Model 296', 1, 3, 118645.82, 43, 85, 'UNIQUE4866', 'Available');
INSERT INTO Item (code, name, category_id, unit_id, price, minimum_stock, reorder_point, unique_code, status) VALUES ('ITEM0222', 'Temperature Sensor Model 234', 1, 1, 304683.57, 29, 31, 'UNIQUE7507', 'Available');
INSERT INTO Item (code, name, category_id, unit_id, price, minimum_stock, reorder_point, unique_code, status) VALUES ('ITEM0223', 'Temperature Sensor Model 370', 1, 1, 2747046.06, 39, 47, 'UNIQUE7647', 'Available');
INSERT INTO Item (code, name, category_id, unit_id, price, minimum_stock, reorder_point, unique_code, status) VALUES ('ITEM0224', 'Temperature Sensor Model 602', 2, 3, 3236052.35, 3, 14, 'UNIQUE5699', 'Available');
INSERT INTO Item (code, name, category_id, unit_id, price, minimum_stock, reorder_point, unique_code, status) VALUES ('ITEM0225', 'AI Camera Model 244', 3, 1, 919591.86, 37, 66, 'UNIQUE4232', 'Available');
INSERT INTO Item (code, name, category_id, unit_id, price, minimum_stock, reorder_point, unique_code, status) VALUES ('ITEM0226', 'RFID Tag Model 940', 4, 2, 3601581.37, 34, 35, 'UNIQUE5830', 'Available');
INSERT INTO Item (code, name, category_id, unit_id, price, minimum_stock, reorder_point, unique_code, status) VALUES ('ITEM0227', 'RFID Tag Model 795', 1, 3, 3366118.59, 3, 23, 'UNIQUE4207', 'Available');
INSERT INTO Item (code, name, category_id, unit_id, price, minimum_stock, reorder_point, unique_code, status) VALUES ('ITEM0228', 'GPS Tracker Model 248', 4, 2, 3487567.72, 11, 89, 'UNIQUE1103', 'Available');
INSERT INTO Item (code, name, category_id, unit_id, price, minimum_stock, reorder_point, unique_code, status) VALUES ('ITEM0229', 'GPS Tracker Model 450', 1, 1, 3419278.59, 23, 67, 'UNIQUE5049', 'Available');
INSERT INTO Item (code, name, category_id, unit_id, price, minimum_stock, reorder_point, unique_code, status) VALUES ('ITEM0230', 'RFID Tag Model 133', 1, 3, 4092342.36, 33, 65, 'UNIQUE8806', 'Available');
INSERT INTO Item (code, name, category_id, unit_id, price, minimum_stock, reorder_point, unique_code, status) VALUES ('ITEM0231', 'RFID Tag Model 292', 3, 3, 4943585.36, 40, 84, 'UNIQUE3723', 'Available');
INSERT INTO Item (code, name, category_id, unit_id, price, minimum_stock, reorder_point, unique_code, status) VALUES ('ITEM0232', 'Temperature Sensor Model 159', 2, 2, 454023.56, 25, 70, 'UNIQUE6676', 'Available');
INSERT INTO Item (code, name, category_id, unit_id, price, minimum_stock, reorder_point, unique_code, status) VALUES ('ITEM0233', 'GPS Tracker Model 535', 2, 3, 2525816.44, 41, 70, 'UNIQUE8841', 'Available');
INSERT INTO Item (code, name, category_id, unit_id, price, minimum_stock, reorder_point, unique_code, status) VALUES ('ITEM0234', 'AI Camera Model 854', 3, 1, 1510287.34, 42, 58, 'UNIQUE9774', 'Available');
INSERT INTO Item (code, name, category_id, unit_id, price, minimum_stock, reorder_point, unique_code, status) VALUES ('ITEM0235', 'Temperature Sensor Model 792', 4, 3, 4722387.24, 26, 94, 'UNIQUE4695', 'Available');
INSERT INTO Item (code, name, category_id, unit_id, price, minimum_stock, reorder_point, unique_code, status) VALUES ('ITEM0236', 'GPS Tracker Model 953', 1, 2, 196422.48, 27, 41, 'UNIQUE4946', 'Available');
INSERT INTO Item (code, name, category_id, unit_id, price, minimum_stock, reorder_point, unique_code, status) VALUES ('ITEM0237', 'GPS Tracker Model 773', 4, 3, 1752825.12, 49, 81, 'UNIQUE6362', 'Available');
INSERT INTO Item (code, name, category_id, unit_id, price, minimum_stock, reorder_point, unique_code, status) VALUES ('ITEM0238', 'GPS Tracker Model 801', 4, 1, 1401142.6, 39, 23, 'UNIQUE9008', 'Available');
INSERT INTO Item (code, name, category_id, unit_id, price, minimum_stock, reorder_point, unique_code, status) VALUES ('ITEM0239', 'RFID Tag Model 478', 1, 1, 2687797.48, 20, 32, 'UNIQUE1115', 'Available');
INSERT INTO Item (code, name, category_id, unit_id, price, minimum_stock, reorder_point, unique_code, status) VALUES ('ITEM0240', 'GPS Tracker Model 933', 2, 3, 158409.03, 33, 82, 'UNIQUE3021', 'Available');
INSERT INTO Item (code, name, category_id, unit_id, price, minimum_stock, reorder_point, unique_code, status) VALUES ('ITEM0241', 'Temperature Sensor Model 204', 4, 1, 3532621.78, 11, 71, 'UNIQUE2651', 'Available');
INSERT INTO Item (code, name, category_id, unit_id, price, minimum_stock, reorder_point, unique_code, status) VALUES ('ITEM0242', 'GPS Tracker Model 754', 3, 2, 4211958.27, 5, 86, 'UNIQUE3533', 'Available');
INSERT INTO Item (code, name, category_id, unit_id, price, minimum_stock, reorder_point, unique_code, status) VALUES ('ITEM0243', 'GPS Tracker Model 700', 2, 2, 4823203.97, 17, 76, 'UNIQUE6272', 'Available');
INSERT INTO Item (code, name, category_id, unit_id, price, minimum_stock, reorder_point, unique_code, status) VALUES ('ITEM0244', 'RFID Tag Model 946', 4, 3, 4198385.74, 22, 10, 'UNIQUE9717', 'Available');
INSERT INTO Item (code, name, category_id, unit_id, price, minimum_stock, reorder_point, unique_code, status) VALUES ('ITEM0245', 'Temperature Sensor Model 992', 3, 2, 4625310.82, 42, 65, 'UNIQUE2911', 'Available');
INSERT INTO Item (code, name, category_id, unit_id, price, minimum_stock, reorder_point, unique_code, status) VALUES ('ITEM0246', 'Temperature Sensor Model 287', 4, 2, 3770389.36, 43, 87, 'UNIQUE2541', 'Available');
INSERT INTO Item (code, name, category_id, unit_id, price, minimum_stock, reorder_point, unique_code, status) VALUES ('ITEM0247', 'GPS Tracker Model 747', 3, 1, 4470517.26, 33, 74, 'UNIQUE7518', 'Available');
INSERT INTO Item (code, name, category_id, unit_id, price, minimum_stock, reorder_point, unique_code, status) VALUES ('ITEM0248', 'GPS Tracker Model 953', 2, 2, 4949459.48, 50, 90, 'UNIQUE7707', 'Available');
INSERT INTO Item (code, name, category_id, unit_id, price, minimum_stock, reorder_point, unique_code, status) VALUES ('ITEM0249', 'RFID Tag Model 280', 4, 2, 1418991.12, 1, 78, 'UNIQUE4087', 'Available');
INSERT INTO Item (code, name, category_id, unit_id, price, minimum_stock, reorder_point, unique_code, status) VALUES ('ITEM0250', 'GPS Tracker Model 776', 1, 3, 1083084.14, 30, 16, 'UNIQUE7036', 'Available');
INSERT INTO Item (code, name, category_id, unit_id, price, minimum_stock, reorder_point, unique_code, status) VALUES ('ITEM0251', 'RFID Tag Model 808', 3, 1, 3432049.22, 33, 85, 'UNIQUE6462', 'Available');
INSERT INTO Item (code, name, category_id, unit_id, price, minimum_stock, reorder_point, unique_code, status) VALUES ('ITEM0252', 'RFID Tag Model 960', 2, 2, 875129.34, 46, 95, 'UNIQUE3525', 'Available');
INSERT INTO Item (code, name, category_id, unit_id, price, minimum_stock, reorder_point, unique_code, status) VALUES ('ITEM0253', 'RFID Tag Model 607', 4, 2, 4444863.02, 21, 77, 'UNIQUE1359', 'Available');
INSERT INTO Item (code, name, category_id, unit_id, price, minimum_stock, reorder_point, unique_code, status) VALUES ('ITEM0254', 'GPS Tracker Model 979', 2, 3, 2467282.08, 31, 10, 'UNIQUE8878', 'Available');
INSERT INTO Item (code, name, category_id, unit_id, price, minimum_stock, reorder_point, unique_code, status) VALUES ('ITEM0255', 'RFID Tag Model 304', 1, 1, 4908777.14, 37, 73, 'UNIQUE7232', 'Available');
INSERT INTO Item (code, name, category_id, unit_id, price, minimum_stock, reorder_point, unique_code, status) VALUES ('ITEM0256', 'AI Camera Model 484', 2, 3, 1460211.85, 29, 66, 'UNIQUE5530', 'Available');
INSERT INTO Item (code, name, category_id, unit_id, price, minimum_stock, reorder_point, unique_code, status) VALUES ('ITEM0257', 'AI Camera Model 871', 3, 3, 989533.69, 18, 92, 'UNIQUE1779', 'Available');
INSERT INTO Item (code, name, category_id, unit_id, price, minimum_stock, reorder_point, unique_code, status) VALUES ('ITEM0258', 'Temperature Sensor Model 571', 3, 3, 4778512.33, 49, 61, 'UNIQUE7204', 'Available');
INSERT INTO Item (code, name, category_id, unit_id, price, minimum_stock, reorder_point, unique_code, status) VALUES ('ITEM0259', 'AI Camera Model 747', 1, 1, 3834578.84, 23, 43, 'UNIQUE1364', 'Available');
INSERT INTO Item (code, name, category_id, unit_id, price, minimum_stock, reorder_point, unique_code, status) VALUES ('ITEM0260', 'GPS Tracker Model 505', 2, 2, 1547997.23, 11, 75, 'UNIQUE4846', 'Available');
INSERT INTO Item (code, name, category_id, unit_id, price, minimum_stock, reorder_point, unique_code, status) VALUES ('ITEM0261', 'AI Camera Model 486', 2, 2, 786908.74, 27, 47, 'UNIQUE6437', 'Available');
INSERT INTO Item (code, name, category_id, unit_id, price, minimum_stock, reorder_point, unique_code, status) VALUES ('ITEM0262', 'Temperature Sensor Model 349', 4, 3, 2925859.59, 8, 38, 'UNIQUE3527', 'Available');
INSERT INTO Item (code, name, category_id, unit_id, price, minimum_stock, reorder_point, unique_code, status) VALUES ('ITEM0263', 'GPS Tracker Model 372', 1, 1, 975037.08, 14, 46, 'UNIQUE6266', 'Available');
INSERT INTO Item (code, name, category_id, unit_id, price, minimum_stock, reorder_point, unique_code, status) VALUES ('ITEM0264', 'RFID Tag Model 649', 1, 2, 4855926.37, 45, 71, 'UNIQUE9568', 'Available');
INSERT INTO Item (code, name, category_id, unit_id, price, minimum_stock, reorder_point, unique_code, status) VALUES ('ITEM0265', 'GPS Tracker Model 272', 3, 1, 4199912.28, 35, 85, 'UNIQUE8104', 'Available');
INSERT INTO Item (code, name, category_id, unit_id, price, minimum_stock, reorder_point, unique_code, status) VALUES ('ITEM0266', 'GPS Tracker Model 423', 2, 3, 2637119.43, 16, 12, 'UNIQUE2465', 'Available');
INSERT INTO Item (code, name, category_id, unit_id, price, minimum_stock, reorder_point, unique_code, status) VALUES ('ITEM0267', 'AI Camera Model 137', 2, 3, 2579940.13, 7, 95, 'UNIQUE4761', 'Available');
INSERT INTO Item (code, name, category_id, unit_id, price, minimum_stock, reorder_point, unique_code, status) VALUES ('ITEM0268', 'RFID Tag Model 151', 1, 1, 461684.86, 10, 71, 'UNIQUE4120', 'Available');
INSERT INTO Item (code, name, category_id, unit_id, price, minimum_stock, reorder_point, unique_code, status) VALUES ('ITEM0269', 'GPS Tracker Model 729', 2, 1, 4910360.55, 27, 43, 'UNIQUE4960', 'Available');
INSERT INTO Item (code, name, category_id, unit_id, price, minimum_stock, reorder_point, unique_code, status) VALUES ('ITEM0270', 'RFID Tag Model 256', 4, 1, 2038560.15, 29, 81, 'UNIQUE2581', 'Available');
INSERT INTO Item (code, name, category_id, unit_id, price, minimum_stock, reorder_point, unique_code, status) VALUES ('ITEM0271', 'Temperature Sensor Model 645', 1, 2, 3450135.72, 29, 34, 'UNIQUE9198', 'Available');
INSERT INTO Item (code, name, category_id, unit_id, price, minimum_stock, reorder_point, unique_code, status) VALUES ('ITEM0272', 'Temperature Sensor Model 238', 2, 1, 3976048.22, 31, 22, 'UNIQUE6964', 'Available');
INSERT INTO Item (code, name, category_id, unit_id, price, minimum_stock, reorder_point, unique_code, status) VALUES ('ITEM0273', 'RFID Tag Model 484', 1, 3, 2069454.41, 41, 86, 'UNIQUE8423', 'Available');
INSERT INTO Item (code, name, category_id, unit_id, price, minimum_stock, reorder_point, unique_code, status) VALUES ('ITEM0274', 'RFID Tag Model 119', 3, 1, 374197.66, 6, 70, 'UNIQUE5840', 'Available');
INSERT INTO Item (code, name, category_id, unit_id, price, minimum_stock, reorder_point, unique_code, status) VALUES ('ITEM0275', 'GPS Tracker Model 956', 1, 2, 4567123.09, 23, 13, 'UNIQUE9782', 'Available');
INSERT INTO Item (code, name, category_id, unit_id, price, minimum_stock, reorder_point, unique_code, status) VALUES ('ITEM0276', 'AI Camera Model 217', 4, 1, 510816.25, 36, 30, 'UNIQUE7630', 'Available');
INSERT INTO Item (code, name, category_id, unit_id, price, minimum_stock, reorder_point, unique_code, status) VALUES ('ITEM0277', 'GPS Tracker Model 516', 4, 3, 3458808.04, 43, 65, 'UNIQUE3615', 'Available');
INSERT INTO Item (code, name, category_id, unit_id, price, minimum_stock, reorder_point, unique_code, status) VALUES ('ITEM0278', 'Temperature Sensor Model 607', 4, 3, 698793.21, 16, 17, 'UNIQUE7138', 'Available');
INSERT INTO Item (code, name, category_id, unit_id, price, minimum_stock, reorder_point, unique_code, status) VALUES ('ITEM0279', 'GPS Tracker Model 938', 2, 2, 2503289.25, 22, 21, 'UNIQUE8094', 'Available');
INSERT INTO Item (code, name, category_id, unit_id, price, minimum_stock, reorder_point, unique_code, status) VALUES ('ITEM0280', 'Temperature Sensor Model 769', 1, 1, 1761200.73, 6, 81, 'UNIQUE3716', 'Available');
INSERT INTO Item (code, name, category_id, unit_id, price, minimum_stock, reorder_point, unique_code, status) VALUES ('ITEM0281', 'GPS Tracker Model 169', 3, 2, 2263430.84, 10, 76, 'UNIQUE8735', 'Available');
INSERT INTO Item (code, name, category_id, unit_id, price, minimum_stock, reorder_point, unique_code, status) VALUES ('ITEM0282', 'Temperature Sensor Model 246', 4, 1, 3189461.43, 36, 84, 'UNIQUE2476', 'Available');
INSERT INTO Item (code, name, category_id, unit_id, price, minimum_stock, reorder_point, unique_code, status) VALUES ('ITEM0283', 'Temperature Sensor Model 183', 2, 2, 3171868.64, 7, 64, 'UNIQUE8318', 'Available');
INSERT INTO Item (code, name, category_id, unit_id, price, minimum_stock, reorder_point, unique_code, status) VALUES ('ITEM0284', 'RFID Tag Model 801', 2, 2, 906380.65, 50, 95, 'UNIQUE6352', 'Available');
INSERT INTO Item (code, name, category_id, unit_id, price, minimum_stock, reorder_point, unique_code, status) VALUES ('ITEM0285', 'RFID Tag Model 601', 3, 2, 4969451.79, 44, 35, 'UNIQUE6184', 'Available');
INSERT INTO Item (code, name, category_id, unit_id, price, minimum_stock, reorder_point, unique_code, status) VALUES ('ITEM0286', 'Temperature Sensor Model 964', 2, 1, 671729.13, 11, 23, 'UNIQUE3045', 'Available');
INSERT INTO Item (code, name, category_id, unit_id, price, minimum_stock, reorder_point, unique_code, status) VALUES ('ITEM0287', 'RFID Tag Model 466', 3, 3, 4009856.27, 14, 55, 'UNIQUE4469', 'Available');
INSERT INTO Item (code, name, category_id, unit_id, price, minimum_stock, reorder_point, unique_code, status) VALUES ('ITEM0288', 'AI Camera Model 316', 2, 2, 384937.2, 18, 96, 'UNIQUE1703', 'Available');
INSERT INTO Item (code, name, category_id, unit_id, price, minimum_stock, reorder_point, unique_code, status) VALUES ('ITEM0289', 'RFID Tag Model 973', 4, 3, 1402955.89, 38, 19, 'UNIQUE8856', 'Available');
INSERT INTO Item (code, name, category_id, unit_id, price, minimum_stock, reorder_point, unique_code, status) VALUES ('ITEM0290', 'GPS Tracker Model 813', 2, 1, 2041302.13, 12, 93, 'UNIQUE2947', 'Available');
INSERT INTO Item (code, name, category_id, unit_id, price, minimum_stock, reorder_point, unique_code, status) VALUES ('ITEM0291', 'GPS Tracker Model 871', 4, 2, 356818.56, 20, 36, 'UNIQUE5559', 'Available');
INSERT INTO Item (code, name, category_id, unit_id, price, minimum_stock, reorder_point, unique_code, status) VALUES ('ITEM0292', 'RFID Tag Model 432', 3, 1, 4237708.83, 8, 38, 'UNIQUE6865', 'Available');
INSERT INTO Item (code, name, category_id, unit_id, price, minimum_stock, reorder_point, unique_code, status) VALUES ('ITEM0293', 'AI Camera Model 242', 2, 2, 1965869.83, 21, 19, 'UNIQUE9898', 'Available');
INSERT INTO Item (code, name, category_id, unit_id, price, minimum_stock, reorder_point, unique_code, status) VALUES ('ITEM0294', 'RFID Tag Model 802', 1, 2, 470209.18, 29, 67, 'UNIQUE2164', 'Available');
INSERT INTO Item (code, name, category_id, unit_id, price, minimum_stock, reorder_point, unique_code, status) VALUES ('ITEM0295', 'AI Camera Model 331', 3, 1, 1069606.89, 16, 56, 'UNIQUE5740', 'Available');
INSERT INTO Item (code, name, category_id, unit_id, price, minimum_stock, reorder_point, unique_code, status) VALUES ('ITEM0296', 'AI Camera Model 226', 4, 1, 4014465.11, 16, 41, 'UNIQUE1664', 'Available');
INSERT INTO Item (code, name, category_id, unit_id, price, minimum_stock, reorder_point, unique_code, status) VALUES ('ITEM0297', 'RFID Tag Model 218', 2, 2, 2191218.47, 11, 36, 'UNIQUE6621', 'Available');
INSERT INTO Item (code, name, category_id, unit_id, price, minimum_stock, reorder_point, unique_code, status) VALUES ('ITEM0298', 'RFID Tag Model 571', 2, 3, 3729724.99, 40, 88, 'UNIQUE7158', 'Available');
INSERT INTO Item (code, name, category_id, unit_id, price, minimum_stock, reorder_point, unique_code, status) VALUES ('ITEM0299', 'RFID Tag Model 787', 2, 2, 250661.71, 15, 48, 'UNIQUE4944', 'Available');
INSERT INTO Item (code, name, category_id, unit_id, price, minimum_stock, reorder_point, unique_code, status) VALUES ('ITEM0300', 'RFID Tag Model 365', 1, 3, 4758012.45, 27, 38, 'UNIQUE8032', 'Available');
INSERT INTO Item (code, name, category_id, unit_id, price, minimum_stock, reorder_point, unique_code, status) VALUES ('ITEM0301', 'RFID Tag Model 132', 1, 3, 2804689.55, 26, 71, 'UNIQUE6189', 'Available');
INSERT INTO Item (code, name, category_id, unit_id, price, minimum_stock, reorder_point, unique_code, status) VALUES ('ITEM0302', 'GPS Tracker Model 954', 4, 2, 3219108.15, 45, 26, 'UNIQUE8368', 'Available');
INSERT INTO Item (code, name, category_id, unit_id, price, minimum_stock, reorder_point, unique_code, status) VALUES ('ITEM0303', 'Temperature Sensor Model 120', 3, 3, 3100724.36, 29, 90, 'UNIQUE1900', 'Available');
INSERT INTO Item (code, name, category_id, unit_id, price, minimum_stock, reorder_point, unique_code, status) VALUES ('ITEM0304', 'GPS Tracker Model 145', 4, 3, 2630050.19, 44, 80, 'UNIQUE4256', 'Available');
INSERT INTO Item (code, name, category_id, unit_id, price, minimum_stock, reorder_point, unique_code, status) VALUES ('ITEM0305', 'AI Camera Model 724', 3, 3, 101349.96, 11, 31, 'UNIQUE7190', 'Available');
INSERT INTO Item (code, name, category_id, unit_id, price, minimum_stock, reorder_point, unique_code, status) VALUES ('ITEM0306', 'RFID Tag Model 918', 3, 1, 1925433.59, 4, 14, 'UNIQUE7183', 'Available');
INSERT INTO Item (code, name, category_id, unit_id, price, minimum_stock, reorder_point, unique_code, status) VALUES ('ITEM0307', 'AI Camera Model 596', 4, 2, 4441003.86, 48, 22, 'UNIQUE8005', 'Available');
INSERT INTO Item (code, name, category_id, unit_id, price, minimum_stock, reorder_point, unique_code, status) VALUES ('ITEM0308', 'AI Camera Model 900', 4, 2, 3458150.3, 47, 77, 'UNIQUE3689', 'Available');
INSERT INTO Item (code, name, category_id, unit_id, price, minimum_stock, reorder_point, unique_code, status) VALUES ('ITEM0309', 'GPS Tracker Model 559', 1, 2, 2918427.5, 13, 46, 'UNIQUE6347', 'Available');
INSERT INTO Item (code, name, category_id, unit_id, price, minimum_stock, reorder_point, unique_code, status) VALUES ('ITEM0310', 'Temperature Sensor Model 198', 4, 1, 1830354.71, 38, 25, 'UNIQUE4794', 'Available');
INSERT INTO Item (code, name, category_id, unit_id, price, minimum_stock, reorder_point, unique_code, status) VALUES ('ITEM0311', 'Temperature Sensor Model 135', 4, 1, 2052682.68, 49, 60, 'UNIQUE6706', 'Available');
INSERT INTO Item (code, name, category_id, unit_id, price, minimum_stock, reorder_point, unique_code, status) VALUES ('ITEM0312', 'GPS Tracker Model 967', 3, 3, 377886.27, 49, 14, 'UNIQUE5602', 'Available');
INSERT INTO Item (code, name, category_id, unit_id, price, minimum_stock, reorder_point, unique_code, status) VALUES ('ITEM0313', 'AI Camera Model 461', 1, 2, 697321.28, 30, 44, 'UNIQUE3971', 'Available');
INSERT INTO Item (code, name, category_id, unit_id, price, minimum_stock, reorder_point, unique_code, status) VALUES ('ITEM0314', 'Temperature Sensor Model 710', 1, 2, 4791317.11, 26, 25, 'UNIQUE1898', 'Available');
INSERT INTO Item (code, name, category_id, unit_id, price, minimum_stock, reorder_point, unique_code, status) VALUES ('ITEM0315', 'GPS Tracker Model 575', 3, 1, 4143896.79, 40, 67, 'UNIQUE3390', 'Available');
INSERT INTO Item (code, name, category_id, unit_id, price, minimum_stock, reorder_point, unique_code, status) VALUES ('ITEM0316', 'Temperature Sensor Model 786', 4, 2, 4164526.25, 42, 57, 'UNIQUE8985', 'Available');
INSERT INTO Item (code, name, category_id, unit_id, price, minimum_stock, reorder_point, unique_code, status) VALUES ('ITEM0317', 'Temperature Sensor Model 542', 2, 1, 1565254.2, 29, 93, 'UNIQUE3049', 'Available');
INSERT INTO Item (code, name, category_id, unit_id, price, minimum_stock, reorder_point, unique_code, status) VALUES ('ITEM0318', 'AI Camera Model 995', 1, 3, 3894529.43, 41, 70, 'UNIQUE8559', 'Available');
INSERT INTO Item (code, name, category_id, unit_id, price, minimum_stock, reorder_point, unique_code, status) VALUES ('ITEM0319', 'AI Camera Model 283', 1, 3, 1302300.74, 21, 75, 'UNIQUE8901', 'Available');
INSERT INTO Item (code, name, category_id, unit_id, price, minimum_stock, reorder_point, unique_code, status) VALUES ('ITEM0320', 'Temperature Sensor Model 173', 1, 2, 2115132.65, 39, 97, 'UNIQUE5880', 'Available');
INSERT INTO Item (code, name, category_id, unit_id, price, minimum_stock, reorder_point, unique_code, status) VALUES ('ITEM0321', 'Temperature Sensor Model 828', 4, 3, 4789291.15, 10, 43, 'UNIQUE6307', 'Available');
INSERT INTO Item (code, name, category_id, unit_id, price, minimum_stock, reorder_point, unique_code, status) VALUES ('ITEM0322', 'GPS Tracker Model 546', 1, 2, 2615332.46, 35, 34, 'UNIQUE7282', 'Available');
INSERT INTO Item (code, name, category_id, unit_id, price, minimum_stock, reorder_point, unique_code, status) VALUES ('ITEM0323', 'Temperature Sensor Model 897', 3, 1, 3737920.94, 47, 47, 'UNIQUE5044', 'Available');
INSERT INTO Item (code, name, category_id, unit_id, price, minimum_stock, reorder_point, unique_code, status) VALUES ('ITEM0324', 'Temperature Sensor Model 452', 2, 1, 4620660.21, 10, 58, 'UNIQUE9911', 'Available');
INSERT INTO Item (code, name, category_id, unit_id, price, minimum_stock, reorder_point, unique_code, status) VALUES ('ITEM0325', 'Temperature Sensor Model 983', 4, 1, 2253341.91, 46, 97, 'UNIQUE6708', 'Available');
INSERT INTO Item (code, name, category_id, unit_id, price, minimum_stock, reorder_point, unique_code, status) VALUES ('ITEM0326', 'GPS Tracker Model 685', 4, 2, 906245.24, 21, 69, 'UNIQUE8989', 'Available');
INSERT INTO Item (code, name, category_id, unit_id, price, minimum_stock, reorder_point, unique_code, status) VALUES ('ITEM0327', 'RFID Tag Model 543', 1, 2, 2197322.37, 41, 93, 'UNIQUE1408', 'Available');
INSERT INTO Item (code, name, category_id, unit_id, price, minimum_stock, reorder_point, unique_code, status) VALUES ('ITEM0328', 'AI Camera Model 985', 1, 3, 4798905.85, 39, 82, 'UNIQUE8523', 'Available');
INSERT INTO Item (code, name, category_id, unit_id, price, minimum_stock, reorder_point, unique_code, status) VALUES ('ITEM0329', 'RFID Tag Model 923', 1, 2, 3597030.4, 33, 84, 'UNIQUE4656', 'Available');
INSERT INTO Item (code, name, category_id, unit_id, price, minimum_stock, reorder_point, unique_code, status) VALUES ('ITEM0330', 'GPS Tracker Model 311', 4, 3, 3960375.98, 6, 22, 'UNIQUE4781', 'Available');
INSERT INTO Item (code, name, category_id, unit_id, price, minimum_stock, reorder_point, unique_code, status) VALUES ('ITEM0331', 'Temperature Sensor Model 181', 2, 2, 1149081.0, 38, 37, 'UNIQUE6894', 'Available');
INSERT INTO Item (code, name, category_id, unit_id, price, minimum_stock, reorder_point, unique_code, status) VALUES ('ITEM0332', 'Temperature Sensor Model 283', 3, 1, 2486685.6, 28, 53, 'UNIQUE2667', 'Available');
INSERT INTO Item (code, name, category_id, unit_id, price, minimum_stock, reorder_point, unique_code, status) VALUES ('ITEM0333', 'RFID Tag Model 704', 4, 2, 2583173.53, 26, 21, 'UNIQUE8548', 'Available');
INSERT INTO Item (code, name, category_id, unit_id, price, minimum_stock, reorder_point, unique_code, status) VALUES ('ITEM0334', 'AI Camera Model 525', 1, 3, 4623609.42, 49, 50, 'UNIQUE8882', 'Available');
INSERT INTO Item (code, name, category_id, unit_id, price, minimum_stock, reorder_point, unique_code, status) VALUES ('ITEM0335', 'RFID Tag Model 824', 4, 1, 1154257.62, 8, 98, 'UNIQUE9412', 'Available');
INSERT INTO Item (code, name, category_id, unit_id, price, minimum_stock, reorder_point, unique_code, status) VALUES ('ITEM0336', 'Temperature Sensor Model 600', 1, 2, 3599805.14, 27, 84, 'UNIQUE6526', 'Available');
INSERT INTO Item (code, name, category_id, unit_id, price, minimum_stock, reorder_point, unique_code, status) VALUES ('ITEM0337', 'RFID Tag Model 676', 4, 1, 4250290.39, 1, 55, 'UNIQUE6810', 'Available');
INSERT INTO Item (code, name, category_id, unit_id, price, minimum_stock, reorder_point, unique_code, status) VALUES ('ITEM0338', 'GPS Tracker Model 176', 1, 2, 1777863.87, 43, 40, 'UNIQUE4334', 'Available');
INSERT INTO Item (code, name, category_id, unit_id, price, minimum_stock, reorder_point, unique_code, status) VALUES ('ITEM0339', 'Temperature Sensor Model 586', 4, 3, 2139697.24, 31, 72, 'UNIQUE6058', 'Available');
INSERT INTO Item (code, name, category_id, unit_id, price, minimum_stock, reorder_point, unique_code, status) VALUES ('ITEM0340', 'GPS Tracker Model 911', 4, 1, 2003663.64, 3, 96, 'UNIQUE7753', 'Available');
INSERT INTO Item (code, name, category_id, unit_id, price, minimum_stock, reorder_point, unique_code, status) VALUES ('ITEM0341', 'GPS Tracker Model 105', 3, 2, 4552868.57, 24, 61, 'UNIQUE4098', 'Available');
INSERT INTO Item (code, name, category_id, unit_id, price, minimum_stock, reorder_point, unique_code, status) VALUES ('ITEM0342', 'Temperature Sensor Model 856', 3, 3, 1303087.32, 13, 75, 'UNIQUE4018', 'Available');
INSERT INTO Item (code, name, category_id, unit_id, price, minimum_stock, reorder_point, unique_code, status) VALUES ('ITEM0343', 'Temperature Sensor Model 278', 3, 2, 4605651.23, 18, 28, 'UNIQUE1061', 'Available');
INSERT INTO Item (code, name, category_id, unit_id, price, minimum_stock, reorder_point, unique_code, status) VALUES ('ITEM0344', 'RFID Tag Model 257', 3, 2, 728329.11, 49, 99, 'UNIQUE4887', 'Available');
INSERT INTO Item (code, name, category_id, unit_id, price, minimum_stock, reorder_point, unique_code, status) VALUES ('ITEM0345', 'RFID Tag Model 425', 1, 2, 1754101.38, 49, 15, 'UNIQUE9819', 'Available');
INSERT INTO Item (code, name, category_id, unit_id, price, minimum_stock, reorder_point, unique_code, status) VALUES ('ITEM0346', 'AI Camera Model 852', 1, 2, 3283757.44, 43, 40, 'UNIQUE2538', 'Available');
INSERT INTO Item (code, name, category_id, unit_id, price, minimum_stock, reorder_point, unique_code, status) VALUES ('ITEM0347', 'Temperature Sensor Model 228', 1, 2, 2498678.08, 24, 37, 'UNIQUE4424', 'Available');
INSERT INTO Item (code, name, category_id, unit_id, price, minimum_stock, reorder_point, unique_code, status) VALUES ('ITEM0348', 'RFID Tag Model 490', 2, 2, 2441852.45, 28, 92, 'UNIQUE4188', 'Available');
INSERT INTO Item (code, name, category_id, unit_id, price, minimum_stock, reorder_point, unique_code, status) VALUES ('ITEM0349', 'Temperature Sensor Model 360', 3, 1, 2892127.66, 13, 76, 'UNIQUE8399', 'Available');
INSERT INTO Item (code, name, category_id, unit_id, price, minimum_stock, reorder_point, unique_code, status) VALUES ('ITEM0350', 'RFID Tag Model 608', 2, 2, 114067.95, 14, 93, 'UNIQUE4679', 'Available');
INSERT INTO Item (code, name, category_id, unit_id, price, minimum_stock, reorder_point, unique_code, status) VALUES ('ITEM0351', 'RFID Tag Model 488', 3, 3, 889814.14, 41, 87, 'UNIQUE6464', 'Available');
INSERT INTO Item (code, name, category_id, unit_id, price, minimum_stock, reorder_point, unique_code, status) VALUES ('ITEM0352', 'RFID Tag Model 837', 3, 3, 1965259.53, 44, 38, 'UNIQUE7337', 'Available');
INSERT INTO Item (code, name, category_id, unit_id, price, minimum_stock, reorder_point, unique_code, status) VALUES ('ITEM0353', 'AI Camera Model 207', 2, 3, 3150338.69, 38, 10, 'UNIQUE2036', 'Available');
INSERT INTO Item (code, name, category_id, unit_id, price, minimum_stock, reorder_point, unique_code, status) VALUES ('ITEM0354', 'Temperature Sensor Model 842', 3, 1, 285949.13, 34, 14, 'UNIQUE3187', 'Available');
INSERT INTO Item (code, name, category_id, unit_id, price, minimum_stock, reorder_point, unique_code, status) VALUES ('ITEM0355', 'RFID Tag Model 436', 1, 3, 3783778.82, 24, 68, 'UNIQUE3895', 'Available');
INSERT INTO Item (code, name, category_id, unit_id, price, minimum_stock, reorder_point, unique_code, status) VALUES ('ITEM0356', 'Temperature Sensor Model 853', 1, 1, 220665.73, 30, 95, 'UNIQUE8748', 'Available');
INSERT INTO Item (code, name, category_id, unit_id, price, minimum_stock, reorder_point, unique_code, status) VALUES ('ITEM0357', 'AI Camera Model 956', 2, 1, 2094947.64, 6, 69, 'UNIQUE4561', 'Available');
INSERT INTO Item (code, name, category_id, unit_id, price, minimum_stock, reorder_point, unique_code, status) VALUES ('ITEM0358', 'GPS Tracker Model 571', 1, 3, 401149.71, 18, 33, 'UNIQUE2674', 'Available');
INSERT INTO Item (code, name, category_id, unit_id, price, minimum_stock, reorder_point, unique_code, status) VALUES ('ITEM0359', 'RFID Tag Model 651', 4, 2, 2242483.73, 38, 45, 'UNIQUE7485', 'Available');
INSERT INTO Item (code, name, category_id, unit_id, price, minimum_stock, reorder_point, unique_code, status) VALUES ('ITEM0360', 'Temperature Sensor Model 814', 1, 1, 501078.66, 43, 27, 'UNIQUE9384', 'Available');
INSERT INTO Item (code, name, category_id, unit_id, price, minimum_stock, reorder_point, unique_code, status) VALUES ('ITEM0361', 'RFID Tag Model 702', 3, 1, 807560.92, 42, 29, 'UNIQUE3248', 'Available');
INSERT INTO Item (code, name, category_id, unit_id, price, minimum_stock, reorder_point, unique_code, status) VALUES ('ITEM0362', 'AI Camera Model 471', 4, 3, 1580802.64, 44, 20, 'UNIQUE4937', 'Available');
INSERT INTO Item (code, name, category_id, unit_id, price, minimum_stock, reorder_point, unique_code, status) VALUES ('ITEM0363', 'GPS Tracker Model 134', 1, 3, 1975933.5, 30, 60, 'UNIQUE7266', 'Available');
INSERT INTO Item (code, name, category_id, unit_id, price, minimum_stock, reorder_point, unique_code, status) VALUES ('ITEM0364', 'AI Camera Model 809', 4, 1, 4828017.11, 7, 32, 'UNIQUE2729', 'Available');
INSERT INTO Item (code, name, category_id, unit_id, price, minimum_stock, reorder_point, unique_code, status) VALUES ('ITEM0365', 'AI Camera Model 171', 3, 3, 3994967.67, 3, 34, 'UNIQUE3220', 'Available');
INSERT INTO Item (code, name, category_id, unit_id, price, minimum_stock, reorder_point, unique_code, status) VALUES ('ITEM0366', 'AI Camera Model 734', 2, 2, 4521180.96, 29, 31, 'UNIQUE7206', 'Available');
INSERT INTO Item (code, name, category_id, unit_id, price, minimum_stock, reorder_point, unique_code, status) VALUES ('ITEM0367', 'AI Camera Model 466', 1, 1, 3557218.09, 35, 80, 'UNIQUE2963', 'Available');
INSERT INTO Item (code, name, category_id, unit_id, price, minimum_stock, reorder_point, unique_code, status) VALUES ('ITEM0368', 'GPS Tracker Model 320', 1, 1, 877629.36, 25, 84, 'UNIQUE7149', 'Available');
INSERT INTO Item (code, name, category_id, unit_id, price, minimum_stock, reorder_point, unique_code, status) VALUES ('ITEM0369', 'AI Camera Model 591', 1, 1, 3782455.15, 30, 11, 'UNIQUE9325', 'Available');
INSERT INTO Item (code, name, category_id, unit_id, price, minimum_stock, reorder_point, unique_code, status) VALUES ('ITEM0370', 'GPS Tracker Model 311', 3, 2, 2650470.42, 11, 20, 'UNIQUE2656', 'Available');
INSERT INTO Item (code, name, category_id, unit_id, price, minimum_stock, reorder_point, unique_code, status) VALUES ('ITEM0371', 'Temperature Sensor Model 724', 2, 1, 455180.38, 17, 85, 'UNIQUE2942', 'Available');
INSERT INTO Item (code, name, category_id, unit_id, price, minimum_stock, reorder_point, unique_code, status) VALUES ('ITEM0372', 'RFID Tag Model 299', 3, 2, 1865983.88, 12, 42, 'UNIQUE6063', 'Available');
INSERT INTO Item (code, name, category_id, unit_id, price, minimum_stock, reorder_point, unique_code, status) VALUES ('ITEM0373', 'GPS Tracker Model 101', 2, 2, 1269214.39, 21, 23, 'UNIQUE1942', 'Available');
INSERT INTO Item (code, name, category_id, unit_id, price, minimum_stock, reorder_point, unique_code, status) VALUES ('ITEM0374', 'Temperature Sensor Model 901', 2, 1, 3547362.46, 39, 94, 'UNIQUE1461', 'Available');
INSERT INTO Item (code, name, category_id, unit_id, price, minimum_stock, reorder_point, unique_code, status) VALUES ('ITEM0375', 'AI Camera Model 549', 1, 3, 347894.34, 2, 64, 'UNIQUE4424', 'Available');
INSERT INTO Item (code, name, category_id, unit_id, price, minimum_stock, reorder_point, unique_code, status) VALUES ('ITEM0376', 'Temperature Sensor Model 496', 2, 3, 4634298.49, 1, 34, 'UNIQUE5810', 'Available');
INSERT INTO Item (code, name, category_id, unit_id, price, minimum_stock, reorder_point, unique_code, status) VALUES ('ITEM0377', 'GPS Tracker Model 360', 4, 2, 4748366.56, 29, 11, 'UNIQUE2992', 'Available');
INSERT INTO Item (code, name, category_id, unit_id, price, minimum_stock, reorder_point, unique_code, status) VALUES ('ITEM0378', 'Temperature Sensor Model 427', 3, 2, 4324823.26, 16, 30, 'UNIQUE1098', 'Available');
INSERT INTO Item (code, name, category_id, unit_id, price, minimum_stock, reorder_point, unique_code, status) VALUES ('ITEM0379', 'Temperature Sensor Model 937', 3, 1, 4806386.98, 5, 48, 'UNIQUE4293', 'Available');
INSERT INTO Item (code, name, category_id, unit_id, price, minimum_stock, reorder_point, unique_code, status) VALUES ('ITEM0380', 'AI Camera Model 551', 3, 2, 1376320.82, 8, 21, 'UNIQUE3115', 'Available');
INSERT INTO Item (code, name, category_id, unit_id, price, minimum_stock, reorder_point, unique_code, status) VALUES ('ITEM0381', 'GPS Tracker Model 518', 2, 3, 1876557.51, 30, 40, 'UNIQUE9452', 'Available');
INSERT INTO Item (code, name, category_id, unit_id, price, minimum_stock, reorder_point, unique_code, status) VALUES ('ITEM0382', 'GPS Tracker Model 434', 3, 3, 744703.53, 34, 69, 'UNIQUE3395', 'Available');
INSERT INTO Item (code, name, category_id, unit_id, price, minimum_stock, reorder_point, unique_code, status) VALUES ('ITEM0383', 'AI Camera Model 739', 3, 1, 3723381.88, 5, 84, 'UNIQUE6003', 'Available');
INSERT INTO Item (code, name, category_id, unit_id, price, minimum_stock, reorder_point, unique_code, status) VALUES ('ITEM0384', 'RFID Tag Model 946', 3, 3, 1364097.39, 30, 92, 'UNIQUE9015', 'Available');
INSERT INTO Item (code, name, category_id, unit_id, price, minimum_stock, reorder_point, unique_code, status) VALUES ('ITEM0385', 'GPS Tracker Model 431', 3, 2, 3394359.36, 20, 69, 'UNIQUE3952', 'Available');
INSERT INTO Item (code, name, category_id, unit_id, price, minimum_stock, reorder_point, unique_code, status) VALUES ('ITEM0386', 'Temperature Sensor Model 603', 3, 1, 2692026.72, 47, 99, 'UNIQUE4437', 'Available');
INSERT INTO Item (code, name, category_id, unit_id, price, minimum_stock, reorder_point, unique_code, status) VALUES ('ITEM0387', 'Temperature Sensor Model 171', 2, 3, 1759228.78, 21, 81, 'UNIQUE2443', 'Available');
INSERT INTO Item (code, name, category_id, unit_id, price, minimum_stock, reorder_point, unique_code, status) VALUES ('ITEM0388', 'RFID Tag Model 479', 2, 1, 3047070.19, 37, 99, 'UNIQUE4152', 'Available');
INSERT INTO Item (code, name, category_id, unit_id, price, minimum_stock, reorder_point, unique_code, status) VALUES ('ITEM0389', 'GPS Tracker Model 734', 2, 1, 4309736.56, 7, 29, 'UNIQUE3086', 'Available');
INSERT INTO Item (code, name, category_id, unit_id, price, minimum_stock, reorder_point, unique_code, status) VALUES ('ITEM0390', 'AI Camera Model 231', 1, 2, 4276715.14, 45, 10, 'UNIQUE3994', 'Available');
INSERT INTO Item (code, name, category_id, unit_id, price, minimum_stock, reorder_point, unique_code, status) VALUES ('ITEM0391', 'GPS Tracker Model 206', 4, 2, 3813701.5, 44, 19, 'UNIQUE6701', 'Available');
INSERT INTO Item (code, name, category_id, unit_id, price, minimum_stock, reorder_point, unique_code, status) VALUES ('ITEM0392', 'GPS Tracker Model 539', 2, 1, 4978242.45, 7, 57, 'UNIQUE3683', 'Available');
INSERT INTO Item (code, name, category_id, unit_id, price, minimum_stock, reorder_point, unique_code, status) VALUES ('ITEM0393', 'AI Camera Model 771', 3, 2, 1920716.64, 15, 57, 'UNIQUE2204', 'Available');
INSERT INTO Item (code, name, category_id, unit_id, price, minimum_stock, reorder_point, unique_code, status) VALUES ('ITEM0394', 'AI Camera Model 464', 4, 2, 3120680.41, 44, 28, 'UNIQUE9919', 'Available');
INSERT INTO Item (code, name, category_id, unit_id, price, minimum_stock, reorder_point, unique_code, status) VALUES ('ITEM0395', 'Temperature Sensor Model 875', 3, 3, 4340567.25, 18, 48, 'UNIQUE6710', 'Available');
INSERT INTO Item (code, name, category_id, unit_id, price, minimum_stock, reorder_point, unique_code, status) VALUES ('ITEM0396', 'Temperature Sensor Model 857', 1, 3, 4749227.21, 42, 93, 'UNIQUE8519', 'Available');
INSERT INTO Item (code, name, category_id, unit_id, price, minimum_stock, reorder_point, unique_code, status) VALUES ('ITEM0397', 'Temperature Sensor Model 264', 2, 2, 2430239.05, 40, 59, 'UNIQUE2688', 'Available');
INSERT INTO Item (code, name, category_id, unit_id, price, minimum_stock, reorder_point, unique_code, status) VALUES ('ITEM0398', 'RFID Tag Model 659', 3, 2, 2286472.28, 8, 59, 'UNIQUE9930', 'Available');
INSERT INTO Item (code, name, category_id, unit_id, price, minimum_stock, reorder_point, unique_code, status) VALUES ('ITEM0399', 'AI Camera Model 999', 2, 3, 1196759.89, 48, 15, 'UNIQUE8106', 'Available');
INSERT INTO Item (code, name, category_id, unit_id, price, minimum_stock, reorder_point, unique_code, status) VALUES ('ITEM0400', 'AI Camera Model 878', 3, 3, 655984.37, 10, 81, 'UNIQUE9593', 'Available');
INSERT INTO Item (code, name, category_id, unit_id, price, minimum_stock, reorder_point, unique_code, status) VALUES ('ITEM0401', 'Temperature Sensor Model 639', 3, 2, 3767203.09, 43, 81, 'UNIQUE6263', 'Available');
INSERT INTO Item (code, name, category_id, unit_id, price, minimum_stock, reorder_point, unique_code, status) VALUES ('ITEM0402', 'Temperature Sensor Model 207', 4, 3, 1569550.45, 20, 67, 'UNIQUE4386', 'Available');
INSERT INTO Item (code, name, category_id, unit_id, price, minimum_stock, reorder_point, unique_code, status) VALUES ('ITEM0403', 'AI Camera Model 861', 1, 3, 755152.13, 7, 23, 'UNIQUE3477', 'Available');
INSERT INTO Item (code, name, category_id, unit_id, price, minimum_stock, reorder_point, unique_code, status) VALUES ('ITEM0404', 'RFID Tag Model 354', 4, 2, 4410285.73, 39, 69, 'UNIQUE8010', 'Available');
INSERT INTO Item (code, name, category_id, unit_id, price, minimum_stock, reorder_point, unique_code, status) VALUES ('ITEM0405', 'Temperature Sensor Model 178', 1, 2, 3867773.82, 48, 54, 'UNIQUE2625', 'Available');
INSERT INTO Item (code, name, category_id, unit_id, price, minimum_stock, reorder_point, unique_code, status) VALUES ('ITEM0406', 'RFID Tag Model 556', 3, 1, 4689319.16, 43, 14, 'UNIQUE8165', 'Available');
INSERT INTO Item (code, name, category_id, unit_id, price, minimum_stock, reorder_point, unique_code, status) VALUES ('ITEM0407', 'Temperature Sensor Model 652', 3, 3, 2997020.32, 2, 51, 'UNIQUE8248', 'Available');
INSERT INTO Item (code, name, category_id, unit_id, price, minimum_stock, reorder_point, unique_code, status) VALUES ('ITEM0408', 'AI Camera Model 737', 4, 2, 2399190.17, 18, 98, 'UNIQUE6070', 'Available');
INSERT INTO Item (code, name, category_id, unit_id, price, minimum_stock, reorder_point, unique_code, status) VALUES ('ITEM0409', 'AI Camera Model 985', 4, 2, 363238.89, 26, 68, 'UNIQUE7439', 'Available');
INSERT INTO Item (code, name, category_id, unit_id, price, minimum_stock, reorder_point, unique_code, status) VALUES ('ITEM0410', 'GPS Tracker Model 507', 4, 3, 1435411.76, 44, 20, 'UNIQUE3841', 'Available');
INSERT INTO Item (code, name, category_id, unit_id, price, minimum_stock, reorder_point, unique_code, status) VALUES ('ITEM0411', 'RFID Tag Model 502', 4, 1, 3588139.0, 45, 48, 'UNIQUE7181', 'Available');
INSERT INTO Item (code, name, category_id, unit_id, price, minimum_stock, reorder_point, unique_code, status) VALUES ('ITEM0412', 'RFID Tag Model 426', 3, 3, 3724951.74, 23, 68, 'UNIQUE1433', 'Available');
INSERT INTO Item (code, name, category_id, unit_id, price, minimum_stock, reorder_point, unique_code, status) VALUES ('ITEM0413', 'AI Camera Model 671', 1, 1, 4484388.86, 9, 73, 'UNIQUE1685', 'Available');
INSERT INTO Item (code, name, category_id, unit_id, price, minimum_stock, reorder_point, unique_code, status) VALUES ('ITEM0414', 'Temperature Sensor Model 491', 2, 1, 3651454.84, 24, 54, 'UNIQUE2728', 'Available');
INSERT INTO Item (code, name, category_id, unit_id, price, minimum_stock, reorder_point, unique_code, status) VALUES ('ITEM0415', 'Temperature Sensor Model 559', 2, 2, 2480283.17, 28, 61, 'UNIQUE6149', 'Available');
INSERT INTO Item (code, name, category_id, unit_id, price, minimum_stock, reorder_point, unique_code, status) VALUES ('ITEM0416', 'RFID Tag Model 119', 1, 1, 2813531.85, 17, 75, 'UNIQUE3446', 'Available');
INSERT INTO Item (code, name, category_id, unit_id, price, minimum_stock, reorder_point, unique_code, status) VALUES ('ITEM0417', 'RFID Tag Model 814', 2, 1, 2991633.66, 5, 45, 'UNIQUE3099', 'Available');
INSERT INTO Item (code, name, category_id, unit_id, price, minimum_stock, reorder_point, unique_code, status) VALUES ('ITEM0418', 'RFID Tag Model 274', 3, 3, 1410275.68, 16, 96, 'UNIQUE4951', 'Available');
INSERT INTO Item (code, name, category_id, unit_id, price, minimum_stock, reorder_point, unique_code, status) VALUES ('ITEM0419', 'RFID Tag Model 473', 1, 3, 530504.07, 48, 59, 'UNIQUE8064', 'Available');
INSERT INTO Item (code, name, category_id, unit_id, price, minimum_stock, reorder_point, unique_code, status) VALUES ('ITEM0420', 'GPS Tracker Model 272', 4, 2, 3473038.51, 36, 32, 'UNIQUE2281', 'Available');
INSERT INTO Item (code, name, category_id, unit_id, price, minimum_stock, reorder_point, unique_code, status) VALUES ('ITEM0421', 'GPS Tracker Model 308', 2, 1, 1726281.49, 23, 91, 'UNIQUE2539', 'Available');
INSERT INTO Item (code, name, category_id, unit_id, price, minimum_stock, reorder_point, unique_code, status) VALUES ('ITEM0422', 'GPS Tracker Model 835', 2, 2, 4578183.17, 4, 36, 'UNIQUE6006', 'Available');
INSERT INTO Item (code, name, category_id, unit_id, price, minimum_stock, reorder_point, unique_code, status) VALUES ('ITEM0423', 'AI Camera Model 791', 4, 1, 4572060.42, 38, 64, 'UNIQUE4036', 'Available');
INSERT INTO Item (code, name, category_id, unit_id, price, minimum_stock, reorder_point, unique_code, status) VALUES ('ITEM0424', 'Temperature Sensor Model 154', 3, 2, 1371538.85, 40, 46, 'UNIQUE7567', 'Available');
INSERT INTO Item (code, name, category_id, unit_id, price, minimum_stock, reorder_point, unique_code, status) VALUES ('ITEM0425', 'GPS Tracker Model 859', 3, 2, 2506433.31, 20, 72, 'UNIQUE4625', 'Available');
INSERT INTO Item (code, name, category_id, unit_id, price, minimum_stock, reorder_point, unique_code, status) VALUES ('ITEM0426', 'Temperature Sensor Model 189', 2, 3, 2738031.62, 32, 77, 'UNIQUE8804', 'Available');
INSERT INTO Item (code, name, category_id, unit_id, price, minimum_stock, reorder_point, unique_code, status) VALUES ('ITEM0427', 'AI Camera Model 675', 1, 3, 1991335.95, 18, 39, 'UNIQUE9834', 'Available');
INSERT INTO Item (code, name, category_id, unit_id, price, minimum_stock, reorder_point, unique_code, status) VALUES ('ITEM0428', 'GPS Tracker Model 400', 3, 1, 3742441.42, 23, 86, 'UNIQUE1259', 'Available');
INSERT INTO Item (code, name, category_id, unit_id, price, minimum_stock, reorder_point, unique_code, status) VALUES ('ITEM0429', 'GPS Tracker Model 248', 1, 1, 4888327.0, 39, 76, 'UNIQUE3579', 'Available');
INSERT INTO Item (code, name, category_id, unit_id, price, minimum_stock, reorder_point, unique_code, status) VALUES ('ITEM0430', 'AI Camera Model 846', 1, 2, 1468967.55, 3, 51, 'UNIQUE9567', 'Available');
INSERT INTO Item (code, name, category_id, unit_id, price, minimum_stock, reorder_point, unique_code, status) VALUES ('ITEM0431', 'AI Camera Model 696', 4, 3, 1490584.97, 47, 60, 'UNIQUE7957', 'Available');
INSERT INTO Item (code, name, category_id, unit_id, price, minimum_stock, reorder_point, unique_code, status) VALUES ('ITEM0432', 'RFID Tag Model 918', 1, 2, 3032912.49, 23, 63, 'UNIQUE9318', 'Available');
INSERT INTO Item (code, name, category_id, unit_id, price, minimum_stock, reorder_point, unique_code, status) VALUES ('ITEM0433', 'RFID Tag Model 581', 4, 2, 183280.87, 15, 61, 'UNIQUE3395', 'Available');
INSERT INTO Item (code, name, category_id, unit_id, price, minimum_stock, reorder_point, unique_code, status) VALUES ('ITEM0434', 'AI Camera Model 116', 1, 3, 3648748.5, 34, 80, 'UNIQUE4642', 'Available');
INSERT INTO Item (code, name, category_id, unit_id, price, minimum_stock, reorder_point, unique_code, status) VALUES ('ITEM0435', 'Temperature Sensor Model 882', 2, 2, 4928830.36, 1, 26, 'UNIQUE1083', 'Available');
INSERT INTO Item (code, name, category_id, unit_id, price, minimum_stock, reorder_point, unique_code, status) VALUES ('ITEM0436', 'Temperature Sensor Model 815', 1, 3, 2882667.55, 37, 47, 'UNIQUE1192', 'Available');
INSERT INTO Item (code, name, category_id, unit_id, price, minimum_stock, reorder_point, unique_code, status) VALUES ('ITEM0437', 'GPS Tracker Model 576', 3, 3, 4191778.07, 38, 56, 'UNIQUE3613', 'Available');
INSERT INTO Item (code, name, category_id, unit_id, price, minimum_stock, reorder_point, unique_code, status) VALUES ('ITEM0438', 'RFID Tag Model 199', 4, 3, 2010099.4, 30, 10, 'UNIQUE1908', 'Available');
INSERT INTO Item (code, name, category_id, unit_id, price, minimum_stock, reorder_point, unique_code, status) VALUES ('ITEM0439', 'GPS Tracker Model 525', 1, 2, 4515878.62, 34, 68, 'UNIQUE9583', 'Available');
INSERT INTO Item (code, name, category_id, unit_id, price, minimum_stock, reorder_point, unique_code, status) VALUES ('ITEM0440', 'GPS Tracker Model 511', 4, 1, 155518.26, 24, 60, 'UNIQUE3945', 'Available');
INSERT INTO Item (code, name, category_id, unit_id, price, minimum_stock, reorder_point, unique_code, status) VALUES ('ITEM0441', 'GPS Tracker Model 198', 4, 2, 4503207.76, 26, 28, 'UNIQUE9994', 'Available');
INSERT INTO Item (code, name, category_id, unit_id, price, minimum_stock, reorder_point, unique_code, status) VALUES ('ITEM0442', 'RFID Tag Model 778', 3, 3, 2768823.62, 19, 67, 'UNIQUE2861', 'Available');
INSERT INTO Item (code, name, category_id, unit_id, price, minimum_stock, reorder_point, unique_code, status) VALUES ('ITEM0443', 'Temperature Sensor Model 199', 2, 1, 1836225.42, 35, 91, 'UNIQUE4470', 'Available');
INSERT INTO Item (code, name, category_id, unit_id, price, minimum_stock, reorder_point, unique_code, status) VALUES ('ITEM0444', 'Temperature Sensor Model 775', 3, 1, 4808202.73, 1, 77, 'UNIQUE2589', 'Available');
INSERT INTO Item (code, name, category_id, unit_id, price, minimum_stock, reorder_point, unique_code, status) VALUES ('ITEM0445', 'RFID Tag Model 427', 1, 3, 546755.16, 19, 64, 'UNIQUE5581', 'Available');
INSERT INTO Item (code, name, category_id, unit_id, price, minimum_stock, reorder_point, unique_code, status) VALUES ('ITEM0446', 'AI Camera Model 612', 4, 1, 560129.57, 29, 95, 'UNIQUE8978', 'Available');
INSERT INTO Item (code, name, category_id, unit_id, price, minimum_stock, reorder_point, unique_code, status) VALUES ('ITEM0447', 'Temperature Sensor Model 666', 1, 3, 1153877.48, 25, 15, 'UNIQUE4665', 'Available');
INSERT INTO Item (code, name, category_id, unit_id, price, minimum_stock, reorder_point, unique_code, status) VALUES ('ITEM0448', 'Temperature Sensor Model 351', 1, 3, 4493875.26, 9, 61, 'UNIQUE9143', 'Available');
INSERT INTO Item (code, name, category_id, unit_id, price, minimum_stock, reorder_point, unique_code, status) VALUES ('ITEM0449', 'GPS Tracker Model 970', 3, 2, 3630656.49, 7, 50, 'UNIQUE1874', 'Available');
INSERT INTO Item (code, name, category_id, unit_id, price, minimum_stock, reorder_point, unique_code, status) VALUES ('ITEM0450', 'RFID Tag Model 418', 2, 3, 4204528.03, 45, 99, 'UNIQUE2695', 'Available');
INSERT INTO Item (code, name, category_id, unit_id, price, minimum_stock, reorder_point, unique_code, status) VALUES ('ITEM0451', 'AI Camera Model 969', 4, 2, 4155971.91, 27, 80, 'UNIQUE5683', 'Available');
INSERT INTO Item (code, name, category_id, unit_id, price, minimum_stock, reorder_point, unique_code, status) VALUES ('ITEM0452', 'Temperature Sensor Model 741', 1, 1, 3190920.44, 12, 63, 'UNIQUE7911', 'Available');
INSERT INTO Item (code, name, category_id, unit_id, price, minimum_stock, reorder_point, unique_code, status) VALUES ('ITEM0453', 'GPS Tracker Model 419', 3, 3, 310034.93, 23, 45, 'UNIQUE1860', 'Available');
INSERT INTO Item (code, name, category_id, unit_id, price, minimum_stock, reorder_point, unique_code, status) VALUES ('ITEM0454', 'GPS Tracker Model 935', 4, 1, 2932496.5, 45, 34, 'UNIQUE2175', 'Available');
INSERT INTO Item (code, name, category_id, unit_id, price, minimum_stock, reorder_point, unique_code, status) VALUES ('ITEM0455', 'AI Camera Model 510', 2, 3, 3585898.96, 31, 71, 'UNIQUE4496', 'Available');
INSERT INTO Item (code, name, category_id, unit_id, price, minimum_stock, reorder_point, unique_code, status) VALUES ('ITEM0456', 'GPS Tracker Model 296', 4, 1, 3970514.51, 27, 81, 'UNIQUE1874', 'Available');
INSERT INTO Item (code, name, category_id, unit_id, price, minimum_stock, reorder_point, unique_code, status) VALUES ('ITEM0457', 'Temperature Sensor Model 559', 3, 1, 4023858.25, 2, 26, 'UNIQUE7268', 'Available');
INSERT INTO Item (code, name, category_id, unit_id, price, minimum_stock, reorder_point, unique_code, status) VALUES ('ITEM0458', 'GPS Tracker Model 294', 2, 2, 4837766.64, 3, 72, 'UNIQUE5524', 'Available');
INSERT INTO Item (code, name, category_id, unit_id, price, minimum_stock, reorder_point, unique_code, status) VALUES ('ITEM0459', 'GPS Tracker Model 903', 4, 1, 228922.67, 2, 42, 'UNIQUE4153', 'Available');
INSERT INTO Item (code, name, category_id, unit_id, price, minimum_stock, reorder_point, unique_code, status) VALUES ('ITEM0460', 'AI Camera Model 870', 1, 3, 4468824.42, 31, 46, 'UNIQUE8474', 'Available');
INSERT INTO Item (code, name, category_id, unit_id, price, minimum_stock, reorder_point, unique_code, status) VALUES ('ITEM0461', 'GPS Tracker Model 701', 3, 2, 1831747.29, 40, 98, 'UNIQUE3975', 'Available');
INSERT INTO Item (code, name, category_id, unit_id, price, minimum_stock, reorder_point, unique_code, status) VALUES ('ITEM0462', 'GPS Tracker Model 941', 4, 3, 321484.38, 39, 22, 'UNIQUE3489', 'Available');
INSERT INTO Item (code, name, category_id, unit_id, price, minimum_stock, reorder_point, unique_code, status) VALUES ('ITEM0463', 'GPS Tracker Model 430', 2, 1, 4998719.52, 12, 86, 'UNIQUE5717', 'Available');
INSERT INTO Item (code, name, category_id, unit_id, price, minimum_stock, reorder_point, unique_code, status) VALUES ('ITEM0464', 'GPS Tracker Model 749', 3, 2, 2619042.49, 15, 48, 'UNIQUE3536', 'Available');
INSERT INTO Item (code, name, category_id, unit_id, price, minimum_stock, reorder_point, unique_code, status) VALUES ('ITEM0465', 'AI Camera Model 236', 4, 3, 4522729.57, 12, 93, 'UNIQUE7343', 'Available');
INSERT INTO Item (code, name, category_id, unit_id, price, minimum_stock, reorder_point, unique_code, status) VALUES ('ITEM0466', 'RFID Tag Model 953', 2, 1, 390186.42, 10, 44, 'UNIQUE9378', 'Available');
INSERT INTO Item (code, name, category_id, unit_id, price, minimum_stock, reorder_point, unique_code, status) VALUES ('ITEM0467', 'RFID Tag Model 715', 1, 3, 4067564.38, 18, 39, 'UNIQUE2377', 'Available');
INSERT INTO Item (code, name, category_id, unit_id, price, minimum_stock, reorder_point, unique_code, status) VALUES ('ITEM0468', 'Temperature Sensor Model 419', 4, 3, 2944443.58, 49, 34, 'UNIQUE6265', 'Available');
INSERT INTO Item (code, name, category_id, unit_id, price, minimum_stock, reorder_point, unique_code, status) VALUES ('ITEM0469', 'RFID Tag Model 832', 2, 2, 3383412.34, 19, 55, 'UNIQUE4829', 'Available');
INSERT INTO Item (code, name, category_id, unit_id, price, minimum_stock, reorder_point, unique_code, status) VALUES ('ITEM0470', 'Temperature Sensor Model 907', 4, 3, 3605978.98, 20, 74, 'UNIQUE1455', 'Available');
INSERT INTO Item (code, name, category_id, unit_id, price, minimum_stock, reorder_point, unique_code, status) VALUES ('ITEM0471', 'Temperature Sensor Model 163', 2, 3, 2523090.27, 19, 33, 'UNIQUE5550', 'Available');
INSERT INTO Item (code, name, category_id, unit_id, price, minimum_stock, reorder_point, unique_code, status) VALUES ('ITEM0472', 'AI Camera Model 766', 4, 2, 1647544.79, 3, 32, 'UNIQUE6483', 'Available');
INSERT INTO Item (code, name, category_id, unit_id, price, minimum_stock, reorder_point, unique_code, status) VALUES ('ITEM0473', 'AI Camera Model 519', 4, 3, 4324913.52, 41, 10, 'UNIQUE8787', 'Available');
INSERT INTO Item (code, name, category_id, unit_id, price, minimum_stock, reorder_point, unique_code, status) VALUES ('ITEM0474', 'GPS Tracker Model 182', 2, 3, 3641409.17, 46, 71, 'UNIQUE3496', 'Available');
INSERT INTO Item (code, name, category_id, unit_id, price, minimum_stock, reorder_point, unique_code, status) VALUES ('ITEM0475', 'Temperature Sensor Model 805', 2, 1, 2733389.14, 47, 66, 'UNIQUE2557', 'Available');
INSERT INTO Item (code, name, category_id, unit_id, price, minimum_stock, reorder_point, unique_code, status) VALUES ('ITEM0476', 'GPS Tracker Model 669', 3, 1, 1006313.48, 45, 72, 'UNIQUE4641', 'Available');
INSERT INTO Item (code, name, category_id, unit_id, price, minimum_stock, reorder_point, unique_code, status) VALUES ('ITEM0477', 'Temperature Sensor Model 113', 2, 1, 2862047.05, 43, 79, 'UNIQUE7556', 'Available');
INSERT INTO Item (code, name, category_id, unit_id, price, minimum_stock, reorder_point, unique_code, status) VALUES ('ITEM0478', 'GPS Tracker Model 763', 2, 1, 3089416.43, 26, 41, 'UNIQUE3542', 'Available');
INSERT INTO Item (code, name, category_id, unit_id, price, minimum_stock, reorder_point, unique_code, status) VALUES ('ITEM0479', 'GPS Tracker Model 103', 4, 3, 3061351.7, 40, 34, 'UNIQUE4312', 'Available');
INSERT INTO Item (code, name, category_id, unit_id, price, minimum_stock, reorder_point, unique_code, status) VALUES ('ITEM0480', 'Temperature Sensor Model 624', 4, 2, 2023906.7, 27, 73, 'UNIQUE1092', 'Available');
INSERT INTO Item (code, name, category_id, unit_id, price, minimum_stock, reorder_point, unique_code, status) VALUES ('ITEM0481', 'GPS Tracker Model 742', 4, 2, 957202.91, 11, 45, 'UNIQUE1691', 'Available');
INSERT INTO Item (code, name, category_id, unit_id, price, minimum_stock, reorder_point, unique_code, status) VALUES ('ITEM0482', 'GPS Tracker Model 364', 4, 1, 4347509.25, 33, 31, 'UNIQUE2928', 'Available');
INSERT INTO Item (code, name, category_id, unit_id, price, minimum_stock, reorder_point, unique_code, status) VALUES ('ITEM0483', 'GPS Tracker Model 266', 4, 2, 4416156.11, 31, 50, 'UNIQUE8211', 'Available');
INSERT INTO Item (code, name, category_id, unit_id, price, minimum_stock, reorder_point, unique_code, status) VALUES ('ITEM0484', 'Temperature Sensor Model 362', 4, 2, 2147370.44, 47, 74, 'UNIQUE8496', 'Available');
INSERT INTO Item (code, name, category_id, unit_id, price, minimum_stock, reorder_point, unique_code, status) VALUES ('ITEM0485', 'GPS Tracker Model 162', 4, 2, 337282.0, 5, 65, 'UNIQUE8501', 'Available');
INSERT INTO Item (code, name, category_id, unit_id, price, minimum_stock, reorder_point, unique_code, status) VALUES ('ITEM0486', 'GPS Tracker Model 480', 2, 1, 2132398.74, 48, 42, 'UNIQUE4457', 'Available');
INSERT INTO Item (code, name, category_id, unit_id, price, minimum_stock, reorder_point, unique_code, status) VALUES ('ITEM0487', 'Temperature Sensor Model 284', 4, 1, 1585445.39, 34, 77, 'UNIQUE6111', 'Available');
INSERT INTO Item (code, name, category_id, unit_id, price, minimum_stock, reorder_point, unique_code, status) VALUES ('ITEM0488', 'AI Camera Model 814', 3, 2, 2599588.91, 45, 81, 'UNIQUE7860', 'Available');
INSERT INTO Item (code, name, category_id, unit_id, price, minimum_stock, reorder_point, unique_code, status) VALUES ('ITEM0489', 'RFID Tag Model 138', 2, 3, 2593067.94, 28, 31, 'UNIQUE7936', 'Available');
INSERT INTO Item (code, name, category_id, unit_id, price, minimum_stock, reorder_point, unique_code, status) VALUES ('ITEM0490', 'Temperature Sensor Model 167', 2, 1, 1245050.07, 15, 85, 'UNIQUE6674', 'Available');
INSERT INTO Item (code, name, category_id, unit_id, price, minimum_stock, reorder_point, unique_code, status) VALUES ('ITEM0491', 'GPS Tracker Model 518', 2, 2, 4853269.26, 48, 59, 'UNIQUE9823', 'Available');
INSERT INTO Item (code, name, category_id, unit_id, price, minimum_stock, reorder_point, unique_code, status) VALUES ('ITEM0492', 'GPS Tracker Model 251', 1, 1, 2413122.41, 23, 95, 'UNIQUE4091', 'Available');
INSERT INTO Item (code, name, category_id, unit_id, price, minimum_stock, reorder_point, unique_code, status) VALUES ('ITEM0493', 'AI Camera Model 609', 3, 3, 3927021.45, 43, 37, 'UNIQUE7231', 'Available');
INSERT INTO Item (code, name, category_id, unit_id, price, minimum_stock, reorder_point, unique_code, status) VALUES ('ITEM0494', 'Temperature Sensor Model 391', 4, 3, 1347697.69, 13, 54, 'UNIQUE5287', 'Available');
INSERT INTO Item (code, name, category_id, unit_id, price, minimum_stock, reorder_point, unique_code, status) VALUES ('ITEM0495', 'GPS Tracker Model 666', 4, 1, 4889933.16, 23, 13, 'UNIQUE7379', 'Available');
INSERT INTO Item (code, name, category_id, unit_id, price, minimum_stock, reorder_point, unique_code, status) VALUES ('ITEM0496', 'RFID Tag Model 155', 4, 2, 2442370.5, 18, 60, 'UNIQUE5021', 'Available');
INSERT INTO Item (code, name, category_id, unit_id, price, minimum_stock, reorder_point, unique_code, status) VALUES ('ITEM0497', 'AI Camera Model 653', 1, 2, 3434758.49, 16, 71, 'UNIQUE6153', 'Available');
INSERT INTO Item (code, name, category_id, unit_id, price, minimum_stock, reorder_point, unique_code, status) VALUES ('ITEM0498', 'GPS Tracker Model 802', 3, 3, 2096311.21, 38, 11, 'UNIQUE5925', 'Available');
INSERT INTO Item (code, name, category_id, unit_id, price, minimum_stock, reorder_point, unique_code, status) VALUES ('ITEM0499', 'AI Camera Model 339', 3, 1, 238493.37, 20, 69, 'UNIQUE2605', 'Available');